-- phpMyAdmin SQL Dump
-- version 4.6.6deb5
-- https://www.phpmyadmin.net/
--
-- Host: localhost:3306
-- Generation Time: 05. Sep, 2019 20:10 PM
-- Server-versjon: 10.1.38-MariaDB-0ubuntu0.18.04.1
-- PHP Version: 7.2.19-0ubuntu0.18.04.1

SET SQL_MODE = "NO_AUTO_VALUE_ON_ZERO";
SET time_zone = "+00:00";


/*!40101 SET @OLD_CHARACTER_SET_CLIENT=@@CHARACTER_SET_CLIENT */;
/*!40101 SET @OLD_CHARACTER_SET_RESULTS=@@CHARACTER_SET_RESULTS */;
/*!40101 SET @OLD_COLLATION_CONNECTION=@@COLLATION_CONNECTION */;
/*!40101 SET NAMES utf8mb4 */;

--
-- Database: `api_github`
--

-- --------------------------------------------------------

--
-- Tabellstruktur for tabell `failed_jobs`
--

CREATE TABLE `failed_jobs` (
  `id` bigint(20) UNSIGNED NOT NULL,
  `connection` text COLLATE utf8mb4_unicode_ci NOT NULL,
  `queue` text COLLATE utf8mb4_unicode_ci NOT NULL,
  `payload` longtext COLLATE utf8mb4_unicode_ci NOT NULL,
  `exception` longtext COLLATE utf8mb4_unicode_ci NOT NULL,
  `failed_at` timestamp NOT NULL DEFAULT CURRENT_TIMESTAMP
) ENGINE=InnoDB DEFAULT CHARSET=utf8mb4 COLLATE=utf8mb4_unicode_ci;

-- --------------------------------------------------------

--
-- Tabellstruktur for tabell `migrations`
--

CREATE TABLE `migrations` (
  `id` int(10) UNSIGNED NOT NULL,
  `migration` varchar(191) COLLATE utf8mb4_unicode_ci NOT NULL,
  `batch` int(11) NOT NULL
) ENGINE=InnoDB DEFAULT CHARSET=utf8mb4 COLLATE=utf8mb4_unicode_ci;

--
-- Dataark for tabell `migrations`
--

INSERT INTO `migrations` (`id`, `migration`, `batch`) VALUES
(1, '2014_10_12_000000_create_users_table', 1),
(2, '2014_10_12_100000_create_password_resets_table', 1),
(3, '2019_08_19_000000_create_failed_jobs_table', 1),
(4, '2019_09_04_185731_create_products_table', 1),
(5, '2019_09_04_185908_create_reviews_table', 1);

-- --------------------------------------------------------

--
-- Tabellstruktur for tabell `password_resets`
--

CREATE TABLE `password_resets` (
  `email` varchar(191) COLLATE utf8mb4_unicode_ci NOT NULL,
  `token` varchar(191) COLLATE utf8mb4_unicode_ci NOT NULL,
  `created_at` timestamp NULL DEFAULT NULL
) ENGINE=InnoDB DEFAULT CHARSET=utf8mb4 COLLATE=utf8mb4_unicode_ci;

-- --------------------------------------------------------

--
-- Tabellstruktur for tabell `products`
--

CREATE TABLE `products` (
  `id` bigint(20) UNSIGNED NOT NULL,
  `name` varchar(191) COLLATE utf8mb4_unicode_ci NOT NULL,
  `detail` text COLLATE utf8mb4_unicode_ci NOT NULL,
  `price` int(11) NOT NULL,
  `stock` int(11) NOT NULL,
  `discount` int(11) NOT NULL,
  `created_at` timestamp NULL DEFAULT NULL,
  `updated_at` timestamp NULL DEFAULT NULL
) ENGINE=InnoDB DEFAULT CHARSET=utf8mb4 COLLATE=utf8mb4_unicode_ci;

--
-- Dataark for tabell `products`
--

INSERT INTO `products` (`id`, `name`, `detail`, `price`, `stock`, `discount`, `created_at`, `updated_at`) VALUES
(1, 'eius', 'Minus deserunt et nihil ipsam neque in tenetur eaque. Ipsam ut nam aperiam porro perferendis. Consectetur fuga sapiente voluptatibus iure. Sit eius eveniet numquam consequatur.', 224, 4, 27, '2019-09-05 16:08:14', '2019-09-05 16:08:14'),
(2, 'eum', 'Hic et quo recusandae qui sed atque. Dolore dolorem quaerat et facere incidunt est architecto.', 295, 1, 24, '2019-09-05 16:08:15', '2019-09-05 16:08:15'),
(3, 'in', 'Quis consequatur amet veniam error dolor. Vel repudiandae nihil tempora. Magni in vitae dolor cumque mollitia perspiciatis voluptatem. Et non commodi culpa ut incidunt. Laboriosam consequatur aut dolor.', 736, 2, 24, '2019-09-05 16:08:15', '2019-09-05 16:08:15'),
(4, 'vel', 'Facere aut accusantium facere voluptas dolores. Aut vitae consectetur perferendis culpa dolores dolorem quia laudantium. Dolores nihil non sed ut ab hic aut reprehenderit.', 862, 6, 24, '2019-09-05 16:08:15', '2019-09-05 16:08:15'),
(5, 'totam', 'Rerum sequi earum veritatis rerum. Autem omnis non alias consequatur. Corporis suscipit est voluptatem commodi eum.', 365, 9, 13, '2019-09-05 16:08:15', '2019-09-05 16:08:15'),
(6, 'earum', 'Qui possimus totam sed quidem occaecati. Magnam aliquam magnam ipsa facere ea quam. Cupiditate nulla ut eius quisquam.', 445, 1, 19, '2019-09-05 16:08:15', '2019-09-05 16:08:15'),
(7, 'maxime', 'Enim est eveniet ipsum ipsam velit. Mollitia velit error corrupti consequatur saepe atque et. Placeat consequatur sunt commodi nihil quia nam et. Dignissimos neque culpa voluptates rem. Explicabo qui aut at voluptatem.', 512, 7, 2, '2019-09-05 16:08:15', '2019-09-05 16:08:15'),
(8, 'quis', 'Quia sit sequi amet non tempora velit eum. Est impedit a nobis ab. Numquam facilis incidunt aspernatur iste incidunt explicabo dolor.', 593, 6, 5, '2019-09-05 16:08:15', '2019-09-05 16:08:15'),
(9, 'nihil', 'Ut et et sint nesciunt. Impedit consequuntur libero laudantium modi esse exercitationem dignissimos qui.', 168, 1, 28, '2019-09-05 16:08:15', '2019-09-05 16:08:15'),
(10, 'sit', 'Distinctio qui porro ea quidem ea labore quidem. Explicabo id repellendus nulla. Iure ut in eius iste. Non tempore voluptatem accusamus qui ipsum sint quas.', 959, 6, 20, '2019-09-05 16:08:15', '2019-09-05 16:08:15'),
(11, 'dolores', 'Autem enim praesentium ut ut sunt nisi. Illo iusto voluptatum inventore dolorum iure quia esse. Et quia atque voluptate rerum ad. Recusandae error nobis quibusdam nam ratione voluptate ex quae.', 994, 9, 25, '2019-09-05 16:08:15', '2019-09-05 16:08:15'),
(12, 'ut', 'Quasi velit sit consequatur hic. Ullam voluptas deleniti ipsam et error sit ipsum. Quam dolores autem similique unde officiis quo. Pariatur distinctio nesciunt deleniti quibusdam enim id.', 803, 4, 17, '2019-09-05 16:08:15', '2019-09-05 16:08:15'),
(13, 'optio', 'Nihil architecto molestias ea. Dolores est perferendis nulla voluptas dolorem voluptatibus iure corporis. Commodi vero quia totam consectetur rerum omnis. Laborum corrupti molestiae dolorem molestiae.', 798, 0, 29, '2019-09-05 16:08:15', '2019-09-05 16:08:15'),
(14, 'enim', 'Modi velit necessitatibus natus corporis quia dolor deleniti. Necessitatibus rerum ipsa consectetur eligendi autem. Culpa qui ut a est. Nam iste non quibusdam ullam ipsam. Natus in quia nam eos.', 895, 4, 4, '2019-09-05 16:08:16', '2019-09-05 16:08:16'),
(15, 'corporis', 'Voluptas omnis repellendus repellat excepturi. Molestiae quae omnis voluptas et corrupti iusto. Pariatur non quibusdam voluptas dolorem accusamus eum quos optio.', 695, 8, 9, '2019-09-05 16:08:16', '2019-09-05 16:08:16'),
(16, 'id', 'Non nemo incidunt quo dolorem mollitia. Odio modi dolores iusto quibusdam velit quidem dolorum.', 943, 3, 19, '2019-09-05 16:08:16', '2019-09-05 16:08:16'),
(17, 'perspiciatis', 'Explicabo odit dicta fugit incidunt. Commodi dolorum placeat quo consequatur iusto quae. Quo ab consequuntur qui velit ex perferendis dolore.', 321, 5, 19, '2019-09-05 16:08:16', '2019-09-05 16:08:16'),
(18, 'autem', 'Illo consequatur consequatur ut officiis esse. Sit aut voluptas velit cupiditate dolore dolor sequi. Quis sit non ut explicabo dolor.', 734, 3, 13, '2019-09-05 16:08:16', '2019-09-05 16:08:16'),
(19, 'ut', 'Optio dignissimos animi ratione recusandae. Nobis ratione quaerat placeat est est ducimus dolorum. Qui nemo fuga hic numquam non ad.', 981, 3, 4, '2019-09-05 16:08:16', '2019-09-05 16:08:16'),
(20, 'necessitatibus', 'Quis modi unde deleniti laborum. Necessitatibus laborum molestiae quis quisquam. Consequatur itaque iusto sequi sapiente voluptatum quo.', 714, 3, 2, '2019-09-05 16:08:16', '2019-09-05 16:08:16'),
(21, 'id', 'Fuga qui sit officiis itaque sint odit quam. Laboriosam deleniti sit quo et cumque ipsa. Tenetur consectetur quos est eaque alias nulla. Qui dicta eaque similique nobis expedita nulla quibusdam. Laudantium et aliquam consequuntur cum.', 204, 3, 6, '2019-09-05 16:08:16', '2019-09-05 16:08:16'),
(22, 'qui', 'Enim quidem repellat architecto ut illum. Ratione sit et et similique. Vel sed necessitatibus ut ut.', 512, 8, 27, '2019-09-05 16:08:16', '2019-09-05 16:08:16'),
(23, 'dolores', 'Ut libero ut maiores sunt consequatur voluptas neque. Ullam nisi eum et dolore soluta ipsum. Blanditiis optio odio commodi voluptatem dignissimos. Iure deleniti quia et nihil.', 978, 3, 24, '2019-09-05 16:08:16', '2019-09-05 16:08:16'),
(24, 'explicabo', 'Quisquam aliquam labore molestias possimus. Tempora sapiente voluptatem voluptas non. Sint sed dignissimos eveniet corrupti sapiente maiores.', 325, 1, 27, '2019-09-05 16:08:16', '2019-09-05 16:08:16'),
(25, 'voluptatem', 'Et tempora repudiandae rerum qui et voluptate et. Dolorem quas quas est nihil suscipit quo. Odit iste eaque officia quia et fugiat quae. Quo provident qui totam quis non. Ullam omnis est corporis sed.', 171, 4, 23, '2019-09-05 16:08:16', '2019-09-05 16:08:16'),
(26, 'accusamus', 'Aspernatur ea aut et aliquid non ex aut. Qui modi voluptas et ex officiis explicabo. Placeat aut saepe est ipsum laborum labore dolor. Doloribus in quo placeat id libero tempora repudiandae et. Totam sapiente praesentium quaerat debitis minima.', 499, 4, 30, '2019-09-05 16:08:16', '2019-09-05 16:08:16'),
(27, 'velit', 'Reprehenderit velit sed eum quo error et magnam. Consequatur delectus consequatur est ad odit corporis suscipit. Facere quia omnis dolor nesciunt qui quo temporibus. Quis sed non in voluptatem.', 552, 8, 30, '2019-09-05 16:08:16', '2019-09-05 16:08:16'),
(28, 'necessitatibus', 'Sequi aliquam deleniti est eos et omnis. Ipsum sed quod quia illum illo.', 331, 9, 3, '2019-09-05 16:08:16', '2019-09-05 16:08:16'),
(29, 'distinctio', 'Asperiores voluptatem eum sint porro reprehenderit laboriosam rerum. Ut quia et voluptatum veritatis inventore nihil. Numquam sit quidem neque et aliquam et.', 449, 0, 7, '2019-09-05 16:08:16', '2019-09-05 16:08:16'),
(30, 'accusamus', 'Eum ipsam et temporibus qui facilis itaque. Eveniet et molestiae ad dolor consectetur vero. Pariatur voluptatem porro ipsa quidem doloremque. Qui in harum sunt velit.', 768, 6, 11, '2019-09-05 16:08:16', '2019-09-05 16:08:16'),
(31, 'quo', 'Officiis est odit eum illo modi doloribus. Voluptatem et ipsam ratione maiores voluptatem dolor. In itaque et cum sint.', 414, 5, 15, '2019-09-05 16:08:16', '2019-09-05 16:08:16'),
(32, 'et', 'Eius eveniet et doloribus animi velit aperiam et. Magni corrupti est maiores id qui commodi. Voluptatem minima dolores possimus ex repellendus consequuntur nobis.', 978, 1, 5, '2019-09-05 16:08:16', '2019-09-05 16:08:16'),
(33, 'et', 'Corrupti magnam voluptatem occaecati et reprehenderit est maxime. Unde at suscipit eligendi sed. Aliquam ad vel placeat aut.', 682, 0, 19, '2019-09-05 16:08:16', '2019-09-05 16:08:16'),
(34, 'quae', 'Nostrum eum ab aliquam est repudiandae dolor qui. Provident nostrum ut id velit possimus voluptatem aliquam commodi. Illo cupiditate provident facilis. Non autem consectetur omnis numquam minus. Iste laboriosam repellat ratione et in error aperiam.', 880, 4, 14, '2019-09-05 16:08:16', '2019-09-05 16:08:16'),
(35, 'et', 'Inventore dignissimos occaecati omnis ut. Ut nihil numquam occaecati maiores eum. Reprehenderit reprehenderit voluptates nobis non officia incidunt sed. Ut non iure harum at pariatur. Odit error laborum similique commodi sapiente.', 416, 2, 6, '2019-09-05 16:08:17', '2019-09-05 16:08:17'),
(36, 'minus', 'Quidem quo hic excepturi perspiciatis sit dolores. Reiciendis eum est assumenda ratione beatae officiis ut. Maxime amet eaque inventore.', 775, 3, 2, '2019-09-05 16:08:17', '2019-09-05 16:08:17'),
(37, 'et', 'Consequatur velit ullam earum qui eius culpa rerum. Debitis occaecati earum est non neque exercitationem. Sint debitis ut amet molestias vitae nihil nesciunt consequatur.', 867, 5, 5, '2019-09-05 16:08:17', '2019-09-05 16:08:17'),
(38, 'voluptate', 'Rerum similique omnis eos. Quidem eius velit consequatur qui. Veritatis facere maxime harum labore optio. Architecto assumenda quidem est sit voluptas et.', 890, 9, 17, '2019-09-05 16:08:17', '2019-09-05 16:08:17'),
(39, 'sequi', 'Possimus aut harum et enim illum et. Qui aut deserunt sed ea iure. Possimus expedita reiciendis vel error similique architecto. Cupiditate ea commodi dolorum consequuntur qui.', 460, 6, 25, '2019-09-05 16:08:17', '2019-09-05 16:08:17'),
(40, 'ipsa', 'Accusamus fuga neque nihil numquam. Soluta distinctio dolores quas quaerat. Aut voluptatum provident consequatur. Quia deserunt optio saepe libero veniam. Reprehenderit est repellendus iure ab molestiae atque.', 741, 4, 4, '2019-09-05 16:08:17', '2019-09-05 16:08:17'),
(41, 'mollitia', 'Corrupti corporis et rerum voluptas totam ex dolorem. Earum deserunt earum adipisci velit non. Consectetur cupiditate qui laudantium similique fugit placeat minus. Rerum sed quis explicabo rerum voluptate cumque a.', 780, 0, 28, '2019-09-05 16:08:17', '2019-09-05 16:08:17'),
(42, 'dolorem', 'In illum sapiente sit illo repellat rerum veritatis. Consequuntur ut distinctio corporis aut molestiae enim. Ipsam est assumenda blanditiis temporibus debitis. Consequuntur voluptatem quisquam est illo est sequi enim.', 789, 1, 30, '2019-09-05 16:08:17', '2019-09-05 16:08:17'),
(43, 'officia', 'Minima consectetur labore quod quia similique itaque inventore. Voluptatem accusantium autem maiores ex assumenda. Qui enim accusantium aliquam sapiente quaerat perferendis perspiciatis.', 189, 3, 30, '2019-09-05 16:08:17', '2019-09-05 16:08:17'),
(44, 'qui', 'Dolorem aperiam in perferendis voluptatem. Non autem cum quia hic. Velit ut delectus ad unde rerum eius possimus. Sed error id facere non ea libero.', 897, 0, 23, '2019-09-05 16:08:17', '2019-09-05 16:08:17'),
(45, 'voluptas', 'Fuga qui sed laborum labore dicta. Praesentium rerum corporis quos officia dignissimos sunt nam. Et soluta omnis veniam voluptatem.', 490, 9, 22, '2019-09-05 16:08:17', '2019-09-05 16:08:17'),
(46, 'ea', 'Quos possimus earum cumque libero ex quis. Rerum voluptates autem possimus minima. Beatae laudantium repudiandae velit animi aspernatur odio. Assumenda ipsum omnis sunt enim voluptate inventore sit.', 410, 5, 3, '2019-09-05 16:08:17', '2019-09-05 16:08:17'),
(47, 'neque', 'Voluptatem ut aut vitae numquam. Qui fugit magnam in expedita tenetur. Rerum repudiandae id id.', 492, 2, 2, '2019-09-05 16:08:17', '2019-09-05 16:08:17'),
(48, 'placeat', 'Nulla veniam enim qui repudiandae ut veritatis. Nulla minima voluptate laudantium accusantium quia possimus. Dolor delectus id ullam saepe blanditiis architecto rerum. Accusantium mollitia nihil aut inventore.', 806, 7, 11, '2019-09-05 16:08:17', '2019-09-05 16:08:17'),
(49, 'atque', 'Provident praesentium numquam nisi atque. Fugiat vitae iusto quas sed maxime quo praesentium. Sapiente voluptatem suscipit ad qui dolor esse fugiat soluta. Vel incidunt accusantium blanditiis excepturi quos error enim.', 807, 5, 4, '2019-09-05 16:08:17', '2019-09-05 16:08:17'),
(50, 'et', 'Et qui quia suscipit quia velit. Atque suscipit exercitationem error magnam.', 341, 1, 3, '2019-09-05 16:08:17', '2019-09-05 16:08:17');

-- --------------------------------------------------------

--
-- Tabellstruktur for tabell `reviews`
--

CREATE TABLE `reviews` (
  `id` bigint(20) UNSIGNED NOT NULL,
  `product_id` bigint(20) UNSIGNED NOT NULL,
  `customer` varchar(191) COLLATE utf8mb4_unicode_ci NOT NULL,
  `review` text COLLATE utf8mb4_unicode_ci NOT NULL,
  `star` int(11) NOT NULL,
  `created_at` timestamp NULL DEFAULT NULL,
  `updated_at` timestamp NULL DEFAULT NULL
) ENGINE=InnoDB DEFAULT CHARSET=utf8mb4 COLLATE=utf8mb4_unicode_ci;

--
-- Dataark for tabell `reviews`
--

INSERT INTO `reviews` (`id`, `product_id`, `customer`, `review`, `star`, `created_at`, `updated_at`) VALUES
(1, 2, 'Braeden Nolan IV', 'Molestiae quia ut illo totam reprehenderit velit occaecati quo. Aut accusamus sunt tempora sint nemo rerum praesentium.', 0, '2019-09-05 16:08:18', '2019-09-05 16:08:18'),
(2, 18, 'Prof. Magdalen Mante', 'Autem accusantium doloribus expedita non sint dolor. Illum et et exercitationem dolorem saepe aut. Laborum error numquam unde fuga maxime asperiores quas.', 3, '2019-09-05 16:08:18', '2019-09-05 16:08:18'),
(3, 22, 'Prof. Lawrence Ernser DVM', 'Aliquam maxime aut et perspiciatis. Quos eveniet enim maiores suscipit est nemo ratione. Omnis rerum officia aut saepe quia voluptatum dolores recusandae. Repudiandae quia et voluptatem vitae quidem.', 0, '2019-09-05 16:08:18', '2019-09-05 16:08:18'),
(4, 23, 'Wilber Miller', 'Laborum natus praesentium esse molestiae et. Cumque quia maxime est. Nihil excepturi facere natus natus qui placeat rem at.', 5, '2019-09-05 16:08:18', '2019-09-05 16:08:18'),
(5, 31, 'Lesley Koch', 'Corporis quasi vel eum itaque tempore. Quaerat nam alias nemo voluptatem enim quas. Sint nostrum voluptatem est sit consequuntur alias. Quae quo esse neque nihil architecto atque ex.', 0, '2019-09-05 16:08:18', '2019-09-05 16:08:18'),
(6, 13, 'Vena Corwin', 'Expedita autem vero dolor est sit dolorem et molestiae. Exercitationem voluptatibus perspiciatis eum similique eos. Exercitationem nam at quas iure nemo. Quam aliquid consequatur necessitatibus et.', 5, '2019-09-05 16:08:18', '2019-09-05 16:08:18'),
(7, 17, 'Juston Beahan', 'Tempore voluptas ut a. Et aut quibusdam et rem. Aut asperiores et consequatur mollitia aut iure velit recusandae. Sit ut eos quia alias.', 2, '2019-09-05 16:08:18', '2019-09-05 16:08:18'),
(8, 39, 'Prof. Kaycee Lueilwitz V', 'Nobis iure esse maxime debitis eos odio. Voluptas et beatae optio dolore. Qui eveniet modi corrupti voluptatum aperiam. Qui assumenda dolor unde aut nihil.', 3, '2019-09-05 16:08:18', '2019-09-05 16:08:18'),
(9, 39, 'Karl Stoltenberg', 'Provident esse explicabo perferendis dicta aut dolor. Nisi et nihil veritatis et praesentium. Recusandae accusantium omnis laborum atque ex.', 1, '2019-09-05 16:08:18', '2019-09-05 16:08:18'),
(10, 42, 'Jimmie Renner', 'Et earum commodi sed ipsam et illo. Qui culpa ipsa ea sint omnis repellendus. Et impedit molestiae sint quas. Voluptatem doloribus voluptatem fuga.', 4, '2019-09-05 16:08:18', '2019-09-05 16:08:18'),
(11, 14, 'Alf Collins', 'Repellat et rerum quam voluptatem nostrum expedita expedita dolores. Error laboriosam dolorem odit amet voluptates eos aut. Est vitae ea repellat officiis unde veritatis. Recusandae culpa perspiciatis aliquid eos.', 0, '2019-09-05 16:08:19', '2019-09-05 16:08:19'),
(12, 25, 'Dr. Brayan Satterfield III', 'Optio magni nisi libero. Deleniti aliquid consequatur sequi doloremque voluptatem ipsa. Vel iste aut eligendi dolor iusto. Ullam iusto quos animi omnis vel id laborum iure.', 0, '2019-09-05 16:08:19', '2019-09-05 16:08:19'),
(13, 44, 'Ivory O\'Keefe', 'Officia non nihil est quia quisquam iure maiores. Sunt id quibusdam illum provident et.', 1, '2019-09-05 16:08:19', '2019-09-05 16:08:19'),
(14, 7, 'Hayden Connelly', 'Ducimus sapiente deleniti aut consequatur libero maiores et in. Molestiae et in incidunt quis quasi quasi cum architecto. Rem sit adipisci pariatur occaecati. Et praesentium autem et quidem numquam molestiae.', 5, '2019-09-05 16:08:19', '2019-09-05 16:08:19'),
(15, 25, 'Whitney Zemlak', 'Doloremque maiores optio maiores id. Sed velit est quas sapiente velit id. Est animi voluptatibus modi perspiciatis. Eos suscipit consequatur sit molestiae quae perspiciatis ad.', 5, '2019-09-05 16:08:19', '2019-09-05 16:08:19'),
(16, 34, 'Kayleigh Strosin', 'Eos corrupti corporis quam aut magnam. Error et at soluta eveniet deserunt quod ea. Corporis non molestiae est sunt voluptatem pariatur. Quas est doloribus voluptas culpa necessitatibus.', 1, '2019-09-05 16:08:19', '2019-09-05 16:08:19'),
(17, 46, 'Giovanna Fay', 'Ea dicta ut ipsum optio sint. Asperiores aut aut tempore qui repellat qui et. Et itaque molestiae repellendus quisquam qui.', 1, '2019-09-05 16:08:19', '2019-09-05 16:08:19'),
(18, 35, 'Darren Mante Sr.', 'Consectetur perferendis qui sunt neque occaecati eaque. Beatae et quam est dolore est nam sit. Omnis ipsum dolor laborum consectetur nesciunt enim non quae. Officiis suscipit est saepe totam.', 0, '2019-09-05 16:08:19', '2019-09-05 16:08:19'),
(19, 5, 'Angelo Ledner', 'Qui et est qui. Id earum sed voluptatibus ad. Ex eum et non aut vero qui.', 1, '2019-09-05 16:08:19', '2019-09-05 16:08:19'),
(20, 44, 'Mr. Daryl Strosin', 'Officiis vero dolor natus ut voluptas aperiam accusamus. Quia asperiores enim repellendus exercitationem sint cupiditate soluta veritatis. Neque autem recusandae consequatur minus eveniet et voluptate.', 4, '2019-09-05 16:08:19', '2019-09-05 16:08:19'),
(21, 29, 'Immanuel Jerde Jr.', 'Est et sint esse nulla voluptas tempore. Esse quis molestias dolores officia voluptatem accusantium ea. Delectus repellat dicta quisquam.', 0, '2019-09-05 16:08:19', '2019-09-05 16:08:19'),
(22, 47, 'Mr. Keshaun Grady', 'Sapiente odit qui repellat quisquam porro ab tempora. Totam magni fugit impedit expedita quisquam nobis voluptatem ipsum. Eum culpa quis omnis et hic.', 5, '2019-09-05 16:08:19', '2019-09-05 16:08:19'),
(23, 4, 'Waino Lubowitz', 'Sed doloribus numquam ut expedita rem itaque quisquam. Repellat nemo vel omnis unde necessitatibus ut. Dolor nesciunt qui dolor consequatur.', 5, '2019-09-05 16:08:19', '2019-09-05 16:08:19'),
(24, 33, 'Mrs. Isabella Crooks PhD', 'Sed nihil veritatis vel sit quia velit et. Amet sapiente cum sint quas eos. Est reprehenderit beatae pariatur ut.', 5, '2019-09-05 16:08:19', '2019-09-05 16:08:19'),
(25, 34, 'Regan Powlowski', 'Vitae et at dolores hic quam distinctio modi. Et sit consequatur dicta aperiam ratione. Tenetur sunt neque ducimus repudiandae aperiam. Fugiat molestias dolor et doloremque illum itaque.', 5, '2019-09-05 16:08:19', '2019-09-05 16:08:19'),
(26, 24, 'Prof. Korbin Nader', 'Beatae sit esse et sunt dolores. Fuga et tempora dolore voluptatem cumque sapiente. Suscipit mollitia ullam consequatur aut laudantium eligendi aut.', 2, '2019-09-05 16:08:19', '2019-09-05 16:08:19'),
(27, 26, 'Christop Nikolaus', 'A ut in eaque quae voluptas rerum voluptatem. Labore dicta dolor voluptatem odit. Et earum possimus aut rerum ab eum nostrum. Cupiditate sunt impedit qui neque omnis possimus.', 2, '2019-09-05 16:08:19', '2019-09-05 16:08:19'),
(28, 32, 'Candido Beatty', 'Ut accusantium eaque quos consectetur temporibus vel explicabo. Quod id aperiam asperiores reprehenderit. Et magnam aliquam ut quia quisquam.', 1, '2019-09-05 16:08:19', '2019-09-05 16:08:19'),
(29, 11, 'Nash Hartmann Jr.', 'Quo maxime soluta neque nobis. Sed ad id corrupti beatae sunt. Voluptas in est sint assumenda consequatur impedit.', 0, '2019-09-05 16:08:19', '2019-09-05 16:08:19'),
(30, 35, 'Mrs. Lexi VonRueden V', 'Aut culpa ducimus laudantium voluptatem. Totam pariatur ut magni. Quia autem voluptatem non sequi praesentium iure. Et quo quos culpa.', 5, '2019-09-05 16:08:19', '2019-09-05 16:08:19'),
(31, 16, 'Miss Martine Schulist II', 'Aut accusamus qui rerum ullam dignissimos sed delectus quo. Asperiores nihil deleniti tenetur aut. Amet explicabo nemo iste quae vitae. Autem nostrum est non expedita nisi excepturi.', 2, '2019-09-05 16:08:19', '2019-09-05 16:08:19'),
(32, 13, 'Ford Langosh Sr.', 'Sequi repudiandae cumque sint provident qui. Est odit deserunt rerum quia minima libero. Consectetur atque illum molestias ut.', 0, '2019-09-05 16:08:19', '2019-09-05 16:08:19'),
(33, 6, 'Dr. Effie Bartell', 'Deleniti debitis autem eveniet et labore fugiat dolorem natus. Est distinctio consequatur voluptas consequatur delectus labore consequatur. Nostrum et nobis minima itaque totam animi exercitationem. Voluptatem libero esse animi sapiente commodi labore quia.', 4, '2019-09-05 16:08:20', '2019-09-05 16:08:20'),
(34, 33, 'Sammy Bergnaum', 'Doloribus eligendi eos nulla minima odio repellendus quo. Beatae nihil dolores repellendus sit sed. Voluptas maxime vero enim eum omnis. Quibusdam error laudantium dolor.', 1, '2019-09-05 16:08:20', '2019-09-05 16:08:20'),
(35, 18, 'Garrison Beahan', 'Velit animi facilis rerum eveniet. Perferendis aliquid ad incidunt molestiae et et labore. Quo labore voluptas natus. Maxime tenetur fugiat nam inventore beatae consequatur voluptatem aliquam. Aperiam et similique et aperiam impedit est odio.', 3, '2019-09-05 16:08:20', '2019-09-05 16:08:20'),
(36, 10, 'Ernest Klocko III', 'Enim aut illo maxime voluptatum. Voluptas nam ipsum amet eaque aut. Commodi occaecati vitae eaque molestias. Ipsa voluptatem odit rerum mollitia.', 4, '2019-09-05 16:08:20', '2019-09-05 16:08:20'),
(37, 5, 'Miss Kimberly Prohaska', 'Occaecati saepe id sit quo error. Et hic iusto rem laboriosam tempora. Amet fugit omnis repellendus perferendis. Voluptatem tempore possimus quod ex saepe.', 3, '2019-09-05 16:08:20', '2019-09-05 16:08:20'),
(38, 20, 'Eva Gerhold V', 'Voluptatem quia sequi ea cumque quidem. Officia quod laudantium dicta illum. Explicabo iure odio sed. Eaque aut atque et vitae natus dicta mollitia.', 3, '2019-09-05 16:08:20', '2019-09-05 16:08:20'),
(39, 32, 'Sylvan Leannon', 'Commodi tempora amet nobis beatae quos nisi sunt rem. Tempora ut optio est explicabo et culpa. Doloribus et dignissimos praesentium voluptatem et magnam voluptatem corporis. Nihil aut aspernatur quia explicabo dolorem occaecati.', 2, '2019-09-05 16:08:20', '2019-09-05 16:08:20'),
(40, 20, 'Orval Goyette II', 'Aliquid quo molestiae autem. Enim cum omnis sunt atque. Blanditiis nesciunt qui ut doloribus nulla.', 0, '2019-09-05 16:08:20', '2019-09-05 16:08:20'),
(41, 22, 'Green Durgan', 'Suscipit itaque dicta impedit architecto officiis. Qui in a voluptas voluptatibus impedit. Eum sit praesentium quia aut vel.', 5, '2019-09-05 16:08:20', '2019-09-05 16:08:20'),
(42, 39, 'Dr. Marcos Stracke V', 'Voluptas dignissimos ipsum optio assumenda rerum. Voluptas voluptatem ipsum saepe ratione et suscipit. Perspiciatis et et aut nemo occaecati atque. Eum nam enim voluptas hic enim enim.', 1, '2019-09-05 16:08:20', '2019-09-05 16:08:20'),
(43, 46, 'Arvilla Schmidt', 'Voluptatibus molestiae numquam deleniti voluptates omnis blanditiis. Consequatur sit odit ex consequatur sit sed officia. Minus adipisci vel aut totam molestiae. Unde quidem vel et.', 0, '2019-09-05 16:08:20', '2019-09-05 16:08:20'),
(44, 47, 'Kay Lebsack III', 'Et vel consequatur rerum aliquam. Voluptas reprehenderit et magni voluptas recusandae quibusdam. Velit ullam omnis voluptas tempore omnis rem. Sit rem qui sunt eaque quibusdam accusantium totam.', 0, '2019-09-05 16:08:20', '2019-09-05 16:08:20'),
(45, 39, 'Melyssa Dietrich', 'Odit officiis est quam dignissimos recusandae repellendus. Consequatur consequatur atque voluptates consequatur et. Ducimus soluta fugit fuga illo. Et consequuntur sit voluptas ab.', 5, '2019-09-05 16:08:20', '2019-09-05 16:08:20'),
(46, 28, 'Mrs. Renee Green', 'Non illum ut possimus quos labore ut dicta eius. Tempora praesentium at nulla quod dolores. Neque earum tempora at aut voluptas dolores expedita sit. Eius ut qui harum dignissimos quas. Quidem ut repellat minima.', 1, '2019-09-05 16:08:20', '2019-09-05 16:08:20'),
(47, 48, 'Donny Maggio', 'Qui corporis explicabo officia. Quas error laudantium aut dolores libero dolores. In rerum aut libero beatae. Officiis eaque inventore est aspernatur adipisci omnis.', 5, '2019-09-05 16:08:20', '2019-09-05 16:08:20'),
(48, 38, 'Gianni Heidenreich', 'Eum unde nulla eligendi sunt illo. Nobis facere est natus. Eligendi eos nobis ad itaque. Ut molestiae asperiores sed architecto aut eligendi.', 1, '2019-09-05 16:08:20', '2019-09-05 16:08:20'),
(49, 38, 'Alberto Smitham', 'Voluptatem adipisci sed minus quasi officia. Consequuntur iure libero et at deleniti. Iusto inventore aperiam vitae odio rerum ratione cupiditate.', 5, '2019-09-05 16:08:20', '2019-09-05 16:08:20'),
(50, 10, 'Arthur Corwin', 'Minus nesciunt odit necessitatibus unde hic illum quo quia. Officia aliquam dolore optio enim. Ut nisi ullam in aut officiis impedit cum ducimus. Velit ipsum neque voluptatem saepe.', 2, '2019-09-05 16:08:20', '2019-09-05 16:08:20'),
(51, 15, 'Franco Bradtke', 'Excepturi rerum dolores suscipit. Qui et beatae sunt nihil. Aut quia qui unde fugiat aliquid.', 0, '2019-09-05 16:08:20', '2019-09-05 16:08:20'),
(52, 36, 'Keira Hauck', 'Dolore consequatur ullam architecto odio repellendus. Est et distinctio sed unde nihil. Id et blanditiis voluptatem quia quam dolorem in voluptatem.', 5, '2019-09-05 16:08:20', '2019-09-05 16:08:20'),
(53, 21, 'Hulda Blick I', 'Dolor iusto quae non quidem. Porro quibusdam quod velit illo cupiditate. Voluptas rerum eius nisi quaerat fugit. Dolore impedit sit laborum veritatis a a nihil nostrum. Earum a non aut unde est.', 3, '2019-09-05 16:08:20', '2019-09-05 16:08:20'),
(54, 32, 'Maida Lind', 'Sunt facilis saepe perferendis officiis porro facilis. Est libero ipsa doloremque exercitationem omnis ipsam id harum. Fugiat corporis et beatae fugiat omnis voluptas quis. Iste cum sed sequi quasi deserunt blanditiis quis nulla.', 0, '2019-09-05 16:08:21', '2019-09-05 16:08:21'),
(55, 20, 'Francisca Zboncak', 'Sit fuga debitis omnis alias libero nostrum autem. Suscipit dolore qui sit soluta iste assumenda. Et vel ea et ullam eos.', 3, '2019-09-05 16:08:21', '2019-09-05 16:08:21'),
(56, 1, 'Junior Hirthe DDS', 'Vitae totam officia corrupti illum velit. Excepturi vel id inventore non nesciunt ratione omnis.', 1, '2019-09-05 16:08:21', '2019-09-05 16:08:21'),
(57, 27, 'Shanny Abernathy III', 'Ex perspiciatis corporis rem aperiam omnis. Blanditiis recusandae exercitationem asperiores aut. Eum adipisci enim dignissimos tempore. Sit deleniti ut fuga porro voluptatem.', 5, '2019-09-05 16:08:21', '2019-09-05 16:08:21'),
(58, 39, 'Dr. Dovie Zulauf', 'Repellat distinctio dolor ut occaecati non. Ut nihil in natus voluptatum autem et labore dolorem. Cum veritatis expedita aut ut aut. Voluptas nesciunt ipsa soluta cupiditate. Qui quia et ipsam et et cum et.', 1, '2019-09-05 16:08:21', '2019-09-05 16:08:21'),
(59, 20, 'Mr. Esteban Mohr Sr.', 'Vel ab ab delectus molestiae dignissimos blanditiis iste. Provident corporis corporis ad alias sit at. Odit qui neque deserunt molestiae nulla facilis.', 4, '2019-09-05 16:08:21', '2019-09-05 16:08:21'),
(60, 25, 'Reyna Christiansen III', 'Ut laboriosam repellendus dolor est voluptatem. Libero eos possimus autem dolor non quis. Quasi enim debitis vitae consequatur eos neque. Id modi nostrum ipsum quasi quas dignissimos tenetur velit.', 4, '2019-09-05 16:08:21', '2019-09-05 16:08:21'),
(61, 1, 'Ayana Schmeler', 'Facilis repudiandae tempora dolor consequatur sit nisi mollitia. Voluptas porro beatae commodi distinctio consequatur sequi. Deserunt omnis enim exercitationem. Eos dolor qui vel sint rem. Quo quibusdam corporis veniam illo.', 5, '2019-09-05 16:08:21', '2019-09-05 16:08:21'),
(62, 23, 'Mr. Garrison Langosh', 'Aliquam magnam accusantium quo. Sit aut sed commodi dolore voluptate. Atque et maiores sed unde et laudantium unde aliquid. Molestias iure id est.', 2, '2019-09-05 16:08:21', '2019-09-05 16:08:21'),
(63, 49, 'Prof. Reta Ernser', 'Corporis voluptates a error qui a. Sunt dolores possimus necessitatibus sunt. Maiores nostrum voluptatem laborum consequuntur culpa. Ab est fuga non vel non. Veritatis ea occaecati sit similique odio esse sed.', 3, '2019-09-05 16:08:21', '2019-09-05 16:08:21'),
(64, 47, 'Rebecca Kunde', 'Veniam a ducimus reiciendis placeat. Laudantium quia voluptate ullam qui.', 1, '2019-09-05 16:08:21', '2019-09-05 16:08:21'),
(65, 12, 'Miss Minerva Moore DVM', 'Consequatur rerum delectus repellat fugiat. Et officia illum enim culpa ad doloribus reprehenderit. Quas iusto magnam voluptatibus et et.', 2, '2019-09-05 16:08:21', '2019-09-05 16:08:21'),
(66, 32, 'Lyla Waters', 'Amet vitae dolores reprehenderit et. Amet ducimus impedit occaecati quo. Velit maiores non voluptates explicabo iusto sed deleniti.', 4, '2019-09-05 16:08:21', '2019-09-05 16:08:21'),
(67, 18, 'Ms. Lyla Rath', 'Aut magni quis nihil nemo. Qui assumenda ut voluptas delectus. Commodi excepturi deleniti perferendis repellendus. Veniam distinctio quam blanditiis voluptates autem.', 1, '2019-09-05 16:08:21', '2019-09-05 16:08:21'),
(68, 12, 'Dee Weimann IV', 'Est iusto impedit eum sit ut eum repudiandae quibusdam. Quo vel dolor tenetur. Et voluptate voluptas et nisi ducimus deserunt.', 2, '2019-09-05 16:08:21', '2019-09-05 16:08:21'),
(69, 41, 'Dion Sipes', 'Quo ratione earum ab cumque consequatur alias excepturi. Optio aut quo repudiandae tenetur sint repudiandae voluptates. Recusandae nam officiis voluptatem unde. Exercitationem error earum quia explicabo.', 1, '2019-09-05 16:08:21', '2019-09-05 16:08:21'),
(70, 35, 'Polly Hane I', 'Eveniet iure veniam architecto expedita. In cumque cupiditate harum quidem velit. Autem est voluptates nam reiciendis enim ut quo deleniti.', 1, '2019-09-05 16:08:21', '2019-09-05 16:08:21'),
(71, 3, 'Prof. Zakary Reilly DDS', 'Nisi voluptatem a provident aut eaque et iusto. Qui accusamus magnam omnis omnis repellendus incidunt cum voluptas. Delectus ipsam possimus odio nemo incidunt rerum. Eos enim voluptas optio tempora temporibus.', 1, '2019-09-05 16:08:21', '2019-09-05 16:08:21'),
(72, 6, 'Marcus Ryan', 'Ex culpa omnis nobis eveniet laborum perferendis quia. Incidunt laboriosam aut sunt ipsam aut. Voluptas repellat nemo magni doloribus omnis. Suscipit eius cum facilis nesciunt.', 0, '2019-09-05 16:08:21', '2019-09-05 16:08:21'),
(73, 25, 'Telly Bashirian', 'Voluptate dolorem voluptas nulla impedit reprehenderit harum maxime. Tempora quibusdam blanditiis voluptates eum aut consequatur ducimus. Consequatur veniam sit a et vitae.', 3, '2019-09-05 16:08:21', '2019-09-05 16:08:21'),
(74, 39, 'Matilde Zulauf', 'Est eveniet sit et recusandae consequatur porro. Consequatur reprehenderit ut tempora omnis et. Et deserunt qui beatae omnis sint consequatur.', 5, '2019-09-05 16:08:22', '2019-09-05 16:08:22'),
(75, 14, 'Ardith Anderson Jr.', 'Et atque sunt et voluptas. Atque dolor a eaque. Nulla odit culpa iste tempore et pariatur error. Aut in qui quibusdam quae. Atque eveniet veritatis magnam eum et repudiandae.', 1, '2019-09-05 16:08:22', '2019-09-05 16:08:22'),
(76, 30, 'Cyrus Miller', 'Omnis rerum inventore nihil nobis. Sed earum hic quo recusandae modi optio. Rerum voluptatem veritatis impedit voluptatem culpa deserunt sint minima.', 0, '2019-09-05 16:08:22', '2019-09-05 16:08:22'),
(77, 28, 'Prof. Odell Haag DVM', 'Fugiat ea et tempora tempore excepturi et quae. Sed rerum quo sit dolor ratione praesentium. Eum consequatur ipsam hic facilis similique. Sunt blanditiis et porro reiciendis nostrum et qui.', 5, '2019-09-05 16:08:22', '2019-09-05 16:08:22'),
(78, 19, 'Prof. Paul Lindgren', 'Corporis omnis ipsam alias ut ut ab ut. Nulla eaque ullam voluptas unde commodi fuga consequatur iste. Vel est non dolorem dolor magnam. Modi delectus dicta quia impedit sequi nisi. Aut est vel maiores qui beatae velit qui.', 0, '2019-09-05 16:08:22', '2019-09-05 16:08:22'),
(79, 6, 'Prof. Haskell Ledner DVM', 'Eaque repudiandae non inventore vel vel doloribus. Sit quasi et ut quis nisi. Iste maiores facere temporibus. Et ad molestiae repellat. Totam ex est consequuntur temporibus fuga quam accusantium non.', 4, '2019-09-05 16:08:22', '2019-09-05 16:08:22'),
(80, 28, 'Arnulfo Champlin I', 'Quia sed tempore dignissimos aut aut quod adipisci. Asperiores quidem pariatur est hic non dicta. Aut deserunt quam consectetur pariatur consequatur eum. Minima asperiores iste facere dolorum sapiente qui cum.', 5, '2019-09-05 16:08:22', '2019-09-05 16:08:22'),
(81, 48, 'Halie Shanahan', 'Doloribus voluptate ex eos et inventore optio nihil. Fugiat sed ea est reprehenderit consectetur.', 3, '2019-09-05 16:08:22', '2019-09-05 16:08:22'),
(82, 37, 'Jaunita Dicki DDS', 'Autem necessitatibus similique aspernatur sit nam. Deleniti ut recusandae quod dolor deserunt nesciunt quod. Quo corrupti ea molestiae maiores vel. Ab nihil ducimus sint. Rerum dolorum qui repudiandae consequatur.', 5, '2019-09-05 16:08:22', '2019-09-05 16:08:22'),
(83, 10, 'Prof. Emery Kris IV', 'Cumque a officia ducimus harum quaerat aut quia. Quod veritatis expedita et ullam. Cumque et laudantium velit ut. Veritatis alias fugiat alias aliquam voluptatem.', 5, '2019-09-05 16:08:22', '2019-09-05 16:08:22'),
(84, 42, 'Mr. Paul Lakin', 'Modi perspiciatis dolor reprehenderit odit ducimus vero perferendis. Vitae quis laudantium id aut enim inventore. Similique itaque nemo corporis.', 1, '2019-09-05 16:08:22', '2019-09-05 16:08:22'),
(85, 14, 'Milton Dach', 'Velit qui aut illo quos quo accusamus. Asperiores eos quibusdam ab culpa. Voluptas a ea deleniti dicta.', 0, '2019-09-05 16:08:22', '2019-09-05 16:08:22'),
(86, 33, 'Demetris Kovacek', 'Incidunt rerum dolorem ut consequatur qui qui. Dignissimos voluptates molestias quaerat at soluta omnis sed. Expedita id alias quo provident atque.', 2, '2019-09-05 16:08:22', '2019-09-05 16:08:22'),
(87, 34, 'Dr. Leanne Rogahn', 'Eligendi omnis et nobis distinctio sit est hic. Vero eum aut neque accusamus quidem molestias tempore ullam.', 5, '2019-09-05 16:08:22', '2019-09-05 16:08:22'),
(88, 15, 'Velva Cummerata', 'Quo molestias autem beatae quo tempore ea. Quas in est sed cum sunt omnis. Aut quisquam ut laboriosam quas.', 1, '2019-09-05 16:08:22', '2019-09-05 16:08:22'),
(89, 38, 'Cathy Terry DDS', 'Consequatur et doloribus quia eos et. Voluptate aut esse perferendis dicta qui non. Corrupti necessitatibus occaecati velit rem eos rem non.', 5, '2019-09-05 16:08:22', '2019-09-05 16:08:22'),
(90, 10, 'Blanca Anderson', 'Aut eaque in magnam nihil maiores consequuntur. Et aliquam molestiae ipsam tempore ex non. Qui fugiat praesentium soluta quia.', 2, '2019-09-05 16:08:22', '2019-09-05 16:08:22'),
(91, 28, 'Ressie Lehner', 'Adipisci tempore fugit fugiat. Fuga explicabo totam unde dolore. Odit qui possimus ratione itaque rerum harum temporibus et.', 3, '2019-09-05 16:08:22', '2019-09-05 16:08:22'),
(92, 6, 'Prof. Roger McGlynn PhD', 'Porro nemo distinctio natus sunt. Molestiae maxime nisi aut autem possimus. Cumque consequuntur ratione magnam delectus et ducimus. Libero dolore est dolorum quasi aut rerum ut.', 0, '2019-09-05 16:08:22', '2019-09-05 16:08:22'),
(93, 14, 'Libbie Lindgren', 'Quidem sapiente necessitatibus optio et. Recusandae culpa sit aut quam iure.', 3, '2019-09-05 16:08:22', '2019-09-05 16:08:22'),
(94, 36, 'Darryl Prosacco', 'Dolorem libero et et qui rerum cumque iste vero. Tenetur optio necessitatibus error. Dolores cupiditate iste aut. Dolores impedit sed sit veritatis qui et totam eos.', 2, '2019-09-05 16:08:22', '2019-09-05 16:08:22'),
(95, 35, 'Marcella Morissette', 'Fugiat cum voluptate animi unde. Temporibus explicabo hic consequatur eos perferendis. Non expedita et itaque autem quia est.', 1, '2019-09-05 16:08:23', '2019-09-05 16:08:23'),
(96, 23, 'Cathrine Balistreri', 'Libero repellat et rerum deserunt. Inventore harum atque debitis veniam ullam. Voluptas inventore tenetur sunt culpa aperiam.', 4, '2019-09-05 16:08:23', '2019-09-05 16:08:23'),
(97, 35, 'Alysa Stokes', 'Sit quibusdam veniam optio sit. Perferendis nihil aut beatae explicabo maiores. Corrupti aut quidem consequatur eligendi. Et harum dolore cum consectetur.', 4, '2019-09-05 16:08:23', '2019-09-05 16:08:23'),
(98, 21, 'Horacio Zemlak', 'Quia consequatur deserunt maxime sed commodi. Dolor est expedita magnam sit vero inventore. Itaque totam quod molestias. Possimus nobis voluptas sapiente eveniet ut.', 5, '2019-09-05 16:08:23', '2019-09-05 16:08:23'),
(99, 19, 'Imani Stark', 'Qui omnis aut quaerat dolor. Voluptatem tempore doloremque dicta quia omnis. Praesentium modi autem quia aut.', 4, '2019-09-05 16:08:23', '2019-09-05 16:08:23'),
(100, 9, 'Emelie Macejkovic', 'Iusto et praesentium similique vitae laboriosam. Debitis sapiente sed dolorem totam placeat rerum. Quia quis provident consequatur qui recusandae. Itaque amet eum sunt tenetur.', 4, '2019-09-05 16:08:23', '2019-09-05 16:08:23'),
(101, 9, 'Gonzalo Franecki', 'Aut alias dolores dolorem fugiat ipsum eveniet. Deserunt doloremque veritatis asperiores facilis. Voluptatibus harum nemo nulla voluptatum. Id quia non voluptatibus velit repellat voluptas. Accusantium repellat incidunt porro distinctio quibusdam accusantium voluptatibus.', 5, '2019-09-05 16:08:23', '2019-09-05 16:08:23'),
(102, 43, 'Dr. Damaris Langworth IV', 'Totam repellendus doloribus rem dolores sint dolore dolorum. Doloribus id maxime sed eum voluptas eius. Doloribus aut et ut deserunt corporis. Non quod libero totam quia delectus sequi.', 4, '2019-09-05 16:08:23', '2019-09-05 16:08:23'),
(103, 13, 'Dr. Curtis Cruickshank PhD', 'Non cumque debitis quam error odit. Libero mollitia rerum non totam ipsam nemo omnis. Et sint sint quia eos sunt molestiae voluptatem. Delectus repellendus doloremque debitis numquam laborum consequuntur voluptatem maxime.', 3, '2019-09-05 16:08:23', '2019-09-05 16:08:23'),
(104, 26, 'Prof. Gennaro Medhurst', 'Consectetur ut laboriosam modi id aut qui labore quos. Molestiae consequatur deleniti assumenda quisquam. Et quis error laudantium necessitatibus. Asperiores sint quae porro sit.', 4, '2019-09-05 16:08:23', '2019-09-05 16:08:23'),
(105, 31, 'Franco McClure', 'Earum ut quasi aut optio. Rerum ducimus pariatur eveniet minima. Facere placeat aspernatur ut inventore et est quisquam consequatur. Et aliquam officiis molestiae modi.', 1, '2019-09-05 16:08:23', '2019-09-05 16:08:23'),
(106, 30, 'Shanon Parisian', 'Consectetur suscipit velit in et debitis illo quam. Alias ullam suscipit est recusandae nam impedit autem. Quibusdam velit tenetur in beatae laborum harum.', 0, '2019-09-05 16:08:23', '2019-09-05 16:08:23'),
(107, 28, 'Betsy Beahan', 'Sed ea at quisquam dignissimos quia doloremque ducimus amet. Harum hic ut fugit voluptatem debitis voluptatem. Impedit qui fuga ipsam harum magni. Minus quos non et animi fugiat unde sint.', 4, '2019-09-05 16:08:23', '2019-09-05 16:08:23'),
(108, 50, 'Dudley Morar', 'Qui quidem veniam quo. Sequi culpa natus eum et dolor molestiae. Veritatis nesciunt ut nulla quidem ut. Et quaerat est minima quo totam culpa.', 2, '2019-09-05 16:08:23', '2019-09-05 16:08:23'),
(109, 3, 'Dr. Avis Reynolds Jr.', 'Quibusdam incidunt deleniti velit maiores itaque harum aspernatur autem. Autem facere laboriosam exercitationem laudantium cumque excepturi. Iste qui necessitatibus doloribus voluptatem soluta commodi. Harum esse velit ipsa voluptate voluptate.', 3, '2019-09-05 16:08:23', '2019-09-05 16:08:23'),
(110, 50, 'Shanon Smitham Sr.', 'Totam et a iste ut blanditiis in. Placeat earum sit dolorum eius qui. Veniam earum natus et provident. Aut eum possimus aut enim laborum harum dolorem dolor.', 5, '2019-09-05 16:08:23', '2019-09-05 16:08:23'),
(111, 48, 'Stephanie Altenwerth', 'Odit magni quia qui quam provident. Nobis adipisci a aut illum laudantium. Velit dolores velit ipsa sunt.', 1, '2019-09-05 16:08:23', '2019-09-05 16:08:23'),
(112, 36, 'Nina Bradtke II', 'Voluptate est consequuntur consequatur. Assumenda dolores adipisci qui aspernatur. Maxime consequuntur rem deleniti ex dolore et qui velit.', 0, '2019-09-05 16:08:23', '2019-09-05 16:08:23'),
(113, 10, 'Prof. Soledad Russel', 'Quia quae voluptatem hic dolorem repellat ut consequuntur. Qui qui commodi dolores est. Sunt delectus qui quas rerum ad.', 3, '2019-09-05 16:08:24', '2019-09-05 16:08:24'),
(114, 49, 'Ms. Myrna Crona', 'Saepe quae sapiente et tempore similique voluptas voluptates nam. Ut sed velit enim. Laboriosam illo voluptas quia incidunt alias voluptatem. Omnis repudiandae et delectus ut recusandae.', 0, '2019-09-05 16:08:24', '2019-09-05 16:08:24'),
(115, 22, 'Napoleon Torp', 'Et sint id eius eveniet temporibus. Voluptatem asperiores quisquam impedit animi autem. Distinctio similique pariatur necessitatibus enim dolores ducimus. Vel et accusamus accusamus totam voluptatum voluptatem nulla est.', 4, '2019-09-05 16:08:24', '2019-09-05 16:08:24'),
(116, 50, 'Betty Kuhlman', 'Similique aspernatur sequi est sapiente provident ut est. Voluptatum eos et ut. Eos blanditiis debitis placeat inventore minus iste vel saepe. Soluta vel sit ducimus consequatur nulla quaerat et vel.', 2, '2019-09-05 16:08:24', '2019-09-05 16:08:24'),
(117, 15, 'Prof. Murray Walsh III', 'Id provident consequatur ea dolores placeat sed laboriosam. Voluptas sit consequatur qui numquam. Eum non est et vel iusto omnis. Provident sed velit pariatur reiciendis quia.', 3, '2019-09-05 16:08:24', '2019-09-05 16:08:24'),
(118, 27, 'Gregorio Franecki', 'Quidem dolorum molestiae non fugiat a pariatur. Consequatur ipsum reiciendis aut sunt laborum quidem debitis. Vitae et soluta id qui voluptas fuga doloribus consequuntur.', 2, '2019-09-05 16:08:24', '2019-09-05 16:08:24'),
(119, 46, 'Dr. Trudie Greenfelder', 'Repellendus deleniti incidunt veritatis consequuntur at impedit. Et eveniet doloremque sapiente error similique aliquam. Maxime fugit quo sunt. Eum dolorem sed pariatur adipisci aliquid.', 4, '2019-09-05 16:08:24', '2019-09-05 16:08:24'),
(120, 10, 'Mrs. Ashly Vandervort V', 'Minima quidem rem nostrum consequuntur et inventore. Vel minima veniam ut officiis sit reiciendis. Doloribus qui dolores soluta id et.', 1, '2019-09-05 16:08:24', '2019-09-05 16:08:24'),
(121, 30, 'Karlee O\'Hara', 'Facilis ipsa amet et libero nihil in nemo. Eum et optio aut.', 5, '2019-09-05 16:08:24', '2019-09-05 16:08:24'),
(122, 21, 'Alexandro Corwin IV', 'Iure sunt aut veniam fuga ut. Aliquam accusamus numquam laboriosam accusantium in ex id. Quasi omnis quos autem eaque quas adipisci.', 2, '2019-09-05 16:08:24', '2019-09-05 16:08:24'),
(123, 36, 'Dr. Jaeden Rosenbaum', 'Qui quis autem eveniet iusto et possimus dolor. Quos hic incidunt quia. Consequuntur nobis culpa nam in odio. Enim quae eos odit assumenda officia enim. Et molestiae aut minus eius natus accusamus.', 5, '2019-09-05 16:08:24', '2019-09-05 16:08:24'),
(124, 28, 'Morgan Senger', 'Officia voluptatem eos ipsam eos nostrum minus. Cupiditate quaerat explicabo et commodi. Ipsam aliquam voluptas eum qui.', 4, '2019-09-05 16:08:24', '2019-09-05 16:08:24'),
(125, 35, 'Ms. Raina Hauck DVM', 'Incidunt ad quidem voluptas amet quidem iure blanditiis. Debitis omnis explicabo occaecati incidunt nisi. Ipsa aliquam hic explicabo. Minus voluptatem commodi adipisci rerum.', 0, '2019-09-05 16:08:24', '2019-09-05 16:08:24'),
(126, 41, 'Lorenza Kuhic', 'Ipsam reprehenderit earum veritatis sit deleniti et ut. Ullam cumque voluptatem earum consequatur perferendis sed aut. Earum qui laboriosam qui qui accusamus. Est molestias eligendi odit ad ipsam.', 3, '2019-09-05 16:08:24', '2019-09-05 16:08:24'),
(127, 9, 'Rosina Murphy', 'Aut voluptas tempora perferendis vero. Ducimus similique possimus est eaque itaque. Est culpa eaque blanditiis necessitatibus.', 0, '2019-09-05 16:08:24', '2019-09-05 16:08:24'),
(128, 30, 'Gerda Thompson', 'Ut eos ipsum harum quod voluptate. Nobis rerum voluptatem molestiae et expedita et et. Sunt non rem impedit autem aut sint. Nobis perspiciatis perspiciatis aliquam voluptate sit illum.', 2, '2019-09-05 16:08:24', '2019-09-05 16:08:24'),
(129, 29, 'Neal Kuvalis IV', 'Et quibusdam aspernatur ab perferendis autem. Qui officiis quis quod non voluptatem. Fugiat vitae et sit natus aliquam voluptas.', 3, '2019-09-05 16:08:24', '2019-09-05 16:08:24'),
(130, 38, 'Abdiel Oberbrunner', 'Recusandae maiores praesentium at ea totam. Est tenetur voluptatem est asperiores est consequatur eius. Dolorem laudantium dolorum quas placeat dicta eum. Assumenda aut ipsum quia tenetur. Consequatur eum in eveniet voluptatem voluptas laborum nesciunt ad.', 0, '2019-09-05 16:08:25', '2019-09-05 16:08:25'),
(131, 41, 'Johanna Sipes', 'Rerum ab sed unde molestiae pariatur. Est hic ullam tempore sapiente. Odit maiores qui animi aut quia sed. Ea accusamus explicabo est accusamus commodi quia molestiae.', 1, '2019-09-05 16:08:25', '2019-09-05 16:08:25'),
(132, 47, 'Mr. Braeden Morissette', 'Ea et et debitis totam debitis. Repellat consequatur velit inventore doloribus mollitia rem. Sed at consequatur tenetur suscipit tempora praesentium molestiae odio.', 2, '2019-09-05 16:08:25', '2019-09-05 16:08:25'),
(133, 21, 'Ofelia D\'Amore', 'Quas voluptas laborum tempore sunt. Necessitatibus id est quis velit. Quas consequatur dolore quidem ut illo repellat. Cumque vel ipsum nemo enim perferendis tempora ullam eos.', 1, '2019-09-05 16:08:25', '2019-09-05 16:08:25'),
(134, 22, 'Carlie Champlin', 'Pariatur vel reiciendis at cum dolore consequuntur rerum. Perspiciatis aspernatur error libero et soluta quia molestiae. Aut aut optio beatae dicta eum. Ipsa quos amet inventore vel.', 2, '2019-09-05 16:08:25', '2019-09-05 16:08:25'),
(135, 37, 'Prof. Paxton Ruecker', 'Hic autem distinctio sit doloribus. Occaecati aliquid aspernatur molestiae voluptatem dolor dolorem dicta recusandae. Rerum eum et itaque reprehenderit aperiam.', 5, '2019-09-05 16:08:25', '2019-09-05 16:08:25'),
(136, 45, 'Monte Wintheiser', 'Nihil earum et atque dolore voluptatum quidem amet. Et esse ad qui enim sint. Sit error rerum quos perferendis quibusdam numquam et.', 2, '2019-09-05 16:08:25', '2019-09-05 16:08:25'),
(137, 13, 'Trudie Luettgen', 'Consequatur qui eaque omnis ducimus nesciunt. Dolor voluptatem ex officiis quae labore. Ut magnam distinctio possimus iusto quia. Consequatur quidem nam aperiam voluptatem quia. Nesciunt nihil dolore porro sequi.', 1, '2019-09-05 16:08:25', '2019-09-05 16:08:25'),
(138, 1, 'Ezra Osinski', 'Et accusamus sint aut ut. Aut blanditiis quisquam commodi ut et aliquid. Expedita cumque quia nulla sunt id.', 4, '2019-09-05 16:08:25', '2019-09-05 16:08:25'),
(139, 46, 'Sophie Little', 'Aut sit quo sed maxime non. Hic accusamus voluptate numquam nisi amet. Atque voluptatem vel nihil officia debitis quidem.', 2, '2019-09-05 16:08:25', '2019-09-05 16:08:25'),
(140, 28, 'Mia Nader', 'Aperiam dolore omnis est doloremque tenetur culpa repellendus. Et inventore laborum molestiae dolorem nam quasi. Est minima ab dolor eum quia quas in. Nostrum perferendis perspiciatis mollitia.', 1, '2019-09-05 16:08:25', '2019-09-05 16:08:25'),
(141, 3, 'Dessie Rath PhD', 'Iure est quis excepturi itaque. Provident id aut ut voluptatem. Non et sint eius qui cupiditate ut.', 3, '2019-09-05 16:08:25', '2019-09-05 16:08:25'),
(142, 1, 'Javon Harber MD', 'Repellendus fuga est perferendis vero rerum unde voluptatibus. Nesciunt quo atque esse iure placeat. Et qui ut ut minima.', 4, '2019-09-05 16:08:25', '2019-09-05 16:08:25'),
(143, 24, 'Webster Lueilwitz Jr.', 'Repellendus at possimus sint aut ea nemo. Tenetur et quibusdam porro laborum. Explicabo reiciendis aut id necessitatibus ad voluptatum corrupti.', 1, '2019-09-05 16:08:25', '2019-09-05 16:08:25'),
(144, 44, 'Darian Sipes', 'Quasi inventore molestias voluptas. Nisi eos accusantium quia officiis ut eos.', 3, '2019-09-05 16:08:25', '2019-09-05 16:08:25'),
(145, 48, 'Prof. Minnie Cummings', 'Perspiciatis aspernatur rerum corrupti minima dolor corporis. Adipisci voluptatum neque et beatae quam omnis. Iste autem eum placeat consequatur molestiae quo vel.', 1, '2019-09-05 16:08:25', '2019-09-05 16:08:25'),
(146, 48, 'Buck Torp', 'Aliquid quod quasi esse unde illum numquam. Sint dolores illo enim dolores voluptatem rerum. Adipisci veniam id vero molestiae recusandae impedit perferendis.', 3, '2019-09-05 16:08:25', '2019-09-05 16:08:25'),
(147, 1, 'Deion Labadie', 'Quo asperiores in in animi. Dolor explicabo voluptatem aut incidunt laborum. Quam magni iste velit fuga quam cum laborum.', 2, '2019-09-05 16:08:25', '2019-09-05 16:08:25'),
(148, 50, 'Prof. Mariano Sipes I', 'Ducimus quis sapiente minus exercitationem cupiditate repellat qui cumque. Nihil ullam dolorem autem quo aut et. Temporibus deleniti voluptatibus laboriosam quae quibusdam.', 5, '2019-09-05 16:08:25', '2019-09-05 16:08:25'),
(149, 33, 'Darryl Walter', 'Numquam aliquam cupiditate a non quae cumque. Itaque aut facilis error laboriosam sit aut. Quia et impedit sit architecto et molestiae molestiae iusto. Iure aut ratione et non consequatur voluptas.', 4, '2019-09-05 16:08:25', '2019-09-05 16:08:25'),
(150, 49, 'Vidal Johnston', 'Maiores ut quasi omnis officia. Earum quidem architecto corrupti placeat iusto. Voluptas hic ut ducimus est enim. Et possimus libero aspernatur.', 5, '2019-09-05 16:08:26', '2019-09-05 16:08:26'),
(151, 36, 'Libbie Smith', 'Accusamus iure et enim et hic et molestiae neque. Iure explicabo sed saepe atque eaque omnis aut. Inventore temporibus laborum omnis asperiores magni ullam. Quos odit aut nulla suscipit consectetur voluptatem enim.', 4, '2019-09-05 16:08:26', '2019-09-05 16:08:26'),
(152, 45, 'Brandy Wiza', 'Aliquid ad vel quisquam eveniet. Cupiditate harum quae quis necessitatibus est. In neque perspiciatis ad sequi dolor dolor saepe. Consequatur velit enim animi accusamus esse. Eligendi maiores qui velit.', 4, '2019-09-05 16:08:26', '2019-09-05 16:08:26'),
(153, 20, 'Aliyah Koelpin', 'Quia rerum numquam amet sunt omnis quis. Sint quia voluptatem possimus necessitatibus iure molestiae. Culpa eligendi ducimus nihil dignissimos. Iste ea reprehenderit architecto facere aliquam possimus aut.', 5, '2019-09-05 16:08:26', '2019-09-05 16:08:26'),
(154, 48, 'Otis Mueller', 'Dolorem omnis dolores sit explicabo libero. Et atque et eveniet ut libero consequuntur. Veritatis officia adipisci qui id iste sunt quaerat. Praesentium placeat doloremque maiores.', 5, '2019-09-05 16:08:26', '2019-09-05 16:08:26'),
(155, 12, 'Anderson Jast', 'Architecto aut non corrupti maxime ut. Sunt sed dolor officiis qui eos. At dolore quia magnam in qui ad velit sapiente.', 3, '2019-09-05 16:08:26', '2019-09-05 16:08:26'),
(156, 31, 'Cleo Lockman PhD', 'Quia sed sint deleniti est quisquam fugit eum repellendus. Harum quia placeat excepturi voluptates nemo doloremque rerum expedita. Sint facere ipsum laudantium. Veritatis dolorum qui veniam maiores suscipit odio dolores.', 2, '2019-09-05 16:08:26', '2019-09-05 16:08:26'),
(157, 16, 'Oleta Pfannerstill', 'Molestiae voluptas perferendis hic eum consequuntur minima. Sapiente nulla adipisci odio adipisci et velit. Architecto dolorem aut dolor eos velit mollitia. Corporis quod debitis eius assumenda id et in accusamus.', 4, '2019-09-05 16:08:26', '2019-09-05 16:08:26'),
(158, 21, 'Favian Aufderhar Jr.', 'Accusantium et quo doloribus quis repellendus. Eius cum distinctio deleniti quis. Rerum culpa nihil recusandae tempora. Quibusdam quis iure consequatur quo.', 0, '2019-09-05 16:08:26', '2019-09-05 16:08:26'),
(159, 27, 'Ms. Tabitha Murray I', 'Et quia in non facilis non ut perferendis. Molestias asperiores cumque et enim ut autem. Deleniti maiores fuga mollitia blanditiis dolorem dolorem. Esse voluptate corporis perferendis quisquam.', 4, '2019-09-05 16:08:26', '2019-09-05 16:08:26'),
(160, 19, 'Durward Bernhard', 'Temporibus quae est nesciunt. Voluptatem deserunt quo libero odio autem labore voluptatem.', 0, '2019-09-05 16:08:26', '2019-09-05 16:08:26'),
(161, 15, 'Jarrod Ziemann', 'Aut animi dicta a minus optio. Magni velit sed nulla reiciendis quia facilis molestiae. Tenetur ipsa quibusdam occaecati nostrum culpa aut est. Iure quod possimus provident incidunt voluptate.', 3, '2019-09-05 16:08:26', '2019-09-05 16:08:26'),
(162, 24, 'Trever Abernathy', 'Numquam doloribus deserunt laborum expedita qui fuga voluptatem quis. Non odio tempora quia quia iure asperiores. Et possimus adipisci dolores in deserunt ab cumque sit.', 0, '2019-09-05 16:08:26', '2019-09-05 16:08:26'),
(163, 33, 'Minerva Batz', 'Et repudiandae numquam adipisci ea eius beatae. Autem incidunt quo suscipit vel et voluptatibus amet rerum. Nobis eveniet facere ut iure expedita expedita.', 2, '2019-09-05 16:08:26', '2019-09-05 16:08:26'),
(164, 26, 'Mr. Ulices Kautzer', 'Consequatur rem fugiat vel nesciunt iste modi autem. Et modi voluptatem corrupti saepe minima. Voluptas quia voluptatum aut.', 3, '2019-09-05 16:08:26', '2019-09-05 16:08:26'),
(165, 49, 'Niko Vandervort', 'Id ex sed non officia eveniet. Voluptates ut labore unde iure. Dolorem sit atque et maiores.', 4, '2019-09-05 16:08:26', '2019-09-05 16:08:26'),
(166, 29, 'Mr. Nathaniel Beahan', 'Veritatis totam quidem modi pariatur molestiae commodi. Et consequuntur occaecati placeat ut cupiditate. Aut quia laborum aut nobis.', 1, '2019-09-05 16:08:26', '2019-09-05 16:08:26'),
(167, 9, 'Ms. Reyna Hackett', 'Ratione beatae et nam. Praesentium cum nobis quam eum.', 1, '2019-09-05 16:08:26', '2019-09-05 16:08:26'),
(168, 44, 'Elise Stark', 'Voluptatum unde iure molestiae quis temporibus. Reprehenderit quae porro qui omnis porro. Ratione ut saepe rerum. Doloremque aut velit quia expedita rerum molestiae ea. Facilis quod omnis fugit odio ut.', 4, '2019-09-05 16:08:26', '2019-09-05 16:08:26'),
(169, 36, 'Mr. Tito Goldner', 'Fuga ut quia vel ut. Id maxime rerum est at quisquam. Aut ipsam et blanditiis et amet eum autem consequuntur. Facere molestiae autem ut debitis enim.', 4, '2019-09-05 16:08:27', '2019-09-05 16:08:27'),
(170, 9, 'Mr. Ronaldo Murazik', 'Est ea culpa a illo. Eveniet quaerat quas quia quia sequi deserunt. Sed assumenda et eos alias vel consequuntur.', 3, '2019-09-05 16:08:27', '2019-09-05 16:08:27'),
(171, 35, 'Prof. Colten Beahan I', 'Excepturi est qui voluptatem cupiditate quo ut. Nulla voluptatibus sunt ut nihil atque explicabo qui ut. Sed ipsum consequuntur dolor in. Assumenda fugit odio quis quis earum nam quis.', 5, '2019-09-05 16:08:27', '2019-09-05 16:08:27'),
(172, 27, 'Ms. Aglae Strosin MD', 'Esse nam voluptatem modi placeat quis rerum at autem. Magni sed at est et ut voluptatum eos. Voluptatem laboriosam aut unde. Dolor facere nihil qui dolorem eaque occaecati.', 2, '2019-09-05 16:08:27', '2019-09-05 16:08:27'),
(173, 33, 'Jammie Hegmann', 'Qui hic ab ab et. Assumenda est vel culpa ipsa quis sint dolorem. Et dolor et tenetur ut maxime dolores esse. Nam est ducimus neque.', 4, '2019-09-05 16:08:27', '2019-09-05 16:08:27'),
(174, 13, 'Cecil Feeney', 'Aut illo dolorem et quasi laborum quo est. Qui placeat sunt dolore culpa sit nostrum. Cupiditate repudiandae deleniti explicabo earum omnis odit.', 0, '2019-09-05 16:08:27', '2019-09-05 16:08:27'),
(175, 24, 'Ms. Karine Predovic', 'Soluta eveniet odio aut ut maxime ipsa aut. Omnis ut maiores dolores nihil nam ut quo. Qui dolore atque eligendi et aperiam ab non et.', 0, '2019-09-05 16:08:27', '2019-09-05 16:08:27'),
(176, 8, 'Flossie Schmidt', 'Harum consequatur facilis sapiente deleniti vel repellat dolorem. Fugiat consectetur et amet dolorem. Ipsa perspiciatis error et et eligendi. Ex natus aspernatur dolor quaerat iusto incidunt.', 0, '2019-09-05 16:08:27', '2019-09-05 16:08:27'),
(177, 41, 'Myrna Streich', 'Voluptas est minima et voluptatem laudantium. Molestias voluptates ut numquam id nulla nobis qui provident. Est iusto eum soluta itaque. Culpa vel voluptas consectetur.', 3, '2019-09-05 16:08:27', '2019-09-05 16:08:27'),
(178, 21, 'Trevion Fay', 'Quos alias voluptas molestiae accusamus enim. Earum velit aut non ab qui dolor eum.', 4, '2019-09-05 16:08:27', '2019-09-05 16:08:27'),
(179, 19, 'Lorine Tillman', 'Sint eveniet laborum modi quas. Cupiditate consequatur ipsa voluptatem placeat similique accusantium aspernatur. Impedit reiciendis vero eligendi quia. Et ut eligendi ullam minima velit ut.', 1, '2019-09-05 16:08:27', '2019-09-05 16:08:27'),
(180, 23, 'Orland Koch Sr.', 'Et quos culpa nobis non eum repudiandae et. Corporis dolores aliquam inventore consequuntur est dolor nisi. Consequatur nihil ipsa qui temporibus tenetur rerum sunt. Nesciunt ut architecto ducimus illum officiis consequatur.', 2, '2019-09-05 16:08:27', '2019-09-05 16:08:27'),
(181, 15, 'Jaida Swaniawski Sr.', 'Est animi minima velit natus a. Et adipisci soluta sit voluptatem totam sed nobis. Laborum dolorem delectus consequatur. Magni autem cupiditate cumque doloribus ab. Sunt animi possimus quas voluptates rerum non.', 5, '2019-09-05 16:08:27', '2019-09-05 16:08:27'),
(182, 13, 'Marion Haley', 'A delectus explicabo corrupti incidunt autem incidunt eligendi fugit. Delectus voluptatibus sapiente velit minima harum voluptatem quasi. Nesciunt delectus ut ex et nulla unde officia. Quia est tempora voluptatem autem pariatur inventore rem explicabo.', 0, '2019-09-05 16:08:27', '2019-09-05 16:08:27'),
(183, 45, 'Roberto Zboncak', 'Mollitia id cumque quam rerum id possimus. Hic fugiat sed qui veniam sed. Iusto quia laborum voluptas quo et voluptatem et. Voluptas totam consectetur mollitia sit necessitatibus.', 4, '2019-09-05 16:08:27', '2019-09-05 16:08:27'),
(184, 18, 'Vern Hahn', 'Inventore nihil veniam facilis facilis. Tempore quas autem officiis repellendus molestiae atque est. Tempore magnam laboriosam dolores. Et omnis omnis ad et.', 3, '2019-09-05 16:08:27', '2019-09-05 16:08:27'),
(185, 4, 'Audra Schulist', 'Rerum commodi explicabo eum distinctio quaerat voluptate repellat. Id similique quaerat ipsum aspernatur temporibus ipsa rem quisquam. Commodi praesentium accusamus quia. Doloremque commodi pariatur nesciunt aperiam quam et est.', 3, '2019-09-05 16:08:27', '2019-09-05 16:08:27'),
(186, 6, 'Geovanny Ferry', 'Blanditiis est ipsum id hic dolorem. Sit accusantium labore recusandae nemo beatae ducimus. Aspernatur fugit tempore quidem iure soluta autem quo.', 0, '2019-09-05 16:08:27', '2019-09-05 16:08:27'),
(187, 4, 'Sid Hegmann Sr.', 'Odit dolor odio aperiam corrupti non. Fugiat omnis non ducimus nam dicta. Animi nobis sint necessitatibus id porro nemo.', 2, '2019-09-05 16:08:27', '2019-09-05 16:08:27'),
(188, 44, 'Lamont Halvorson', 'Cumque soluta et omnis consequatur explicabo debitis quo. Voluptatem ea molestiae et laborum.', 5, '2019-09-05 16:08:27', '2019-09-05 16:08:27'),
(189, 34, 'Melvin Farrell', 'Perferendis error delectus eos earum asperiores. Nemo quia maiores accusantium debitis veniam sunt. Aut et qui nulla.', 1, '2019-09-05 16:08:27', '2019-09-05 16:08:27'),
(190, 24, 'Theresia Smitham', 'Velit blanditiis numquam et sit laboriosam eius id error. Enim voluptatem a non voluptate nihil velit voluptas. Minima omnis voluptas minus sit modi suscipit.', 3, '2019-09-05 16:08:28', '2019-09-05 16:08:28'),
(191, 26, 'Madie Will', 'Placeat et sapiente aut at dignissimos ipsum. Non vero consequatur temporibus nulla et voluptatem. Modi consequatur hic nam nisi.', 5, '2019-09-05 16:08:28', '2019-09-05 16:08:28'),
(192, 40, 'Ellie Simonis', 'Ut quia sit laudantium et error. Est sed voluptas a. Maiores autem ut aspernatur facilis. Eligendi quis ut veritatis rerum error. Asperiores maiores corporis et pariatur magnam.', 0, '2019-09-05 16:08:28', '2019-09-05 16:08:28'),
(193, 22, 'Prof. Frances Ortiz', 'Debitis necessitatibus dolor dolores cumque recusandae sapiente. Temporibus quo est ducimus. In omnis sint possimus illum ipsam et ipsa. Rem et consequatur sed molestias dolore.', 2, '2019-09-05 16:08:28', '2019-09-05 16:08:28'),
(194, 9, 'Miss Bethel Effertz Sr.', 'Laboriosam quo cum deleniti sapiente. Laudantium laborum ducimus magnam aspernatur nisi in omnis. Nisi ut nihil tempora vitae. Animi autem debitis optio consequatur.', 0, '2019-09-05 16:08:28', '2019-09-05 16:08:28'),
(195, 40, 'Reyna Fisher', 'Omnis aliquam reiciendis dolore ea eum nemo id. Numquam veritatis id maiores rerum aut sunt. Voluptatum sapiente porro enim consequatur iure omnis. Amet sapiente provident non quo quaerat libero ut voluptas.', 0, '2019-09-05 16:08:28', '2019-09-05 16:08:28'),
(196, 8, 'Astrid Howe', 'Vel inventore ipsa adipisci autem error quidem repellat. Delectus eius vel nisi laudantium tempore vero. Doloremque veritatis quos error mollitia quo hic.', 4, '2019-09-05 16:08:28', '2019-09-05 16:08:28'),
(197, 1, 'Yadira Wehner', 'Et expedita qui nam totam voluptatem. Minus rem nobis impedit laborum soluta iusto nulla. Rerum impedit et magni.', 4, '2019-09-05 16:08:28', '2019-09-05 16:08:28'),
(198, 49, 'Cloyd Gulgowski', 'Occaecati omnis veritatis numquam. Qui ut qui nostrum inventore. Alias qui quos consequatur unde molestias illo minima soluta. Suscipit ipsum similique consequatur soluta error excepturi tempora cumque.', 0, '2019-09-05 16:08:28', '2019-09-05 16:08:28'),
(199, 7, 'Mrs. Elna Waters III', 'Et enim voluptatem amet similique vel veniam. Molestiae impedit quos quos et et aut ut dolorem. Magni quo unde aperiam voluptatum voluptatum iusto id. Quaerat architecto similique dolor minus et repellat.', 4, '2019-09-05 16:08:28', '2019-09-05 16:08:28'),
(200, 36, 'Jeramy Altenwerth', 'Voluptatem corrupti in quia corporis. Eos eveniet sint ea saepe vero cupiditate. Quaerat molestiae cupiditate sed necessitatibus ut debitis. Aut adipisci sit voluptates numquam itaque ea odit. Quo quia saepe sit voluptas enim qui sed.', 1, '2019-09-05 16:08:28', '2019-09-05 16:08:28'),
(201, 3, 'Dr. Jeanie Donnelly MD', 'Mollitia laborum at aspernatur est tenetur ex. Porro velit non et. Perspiciatis ut fugit et quasi nemo sed.', 0, '2019-09-05 16:08:28', '2019-09-05 16:08:28'),
(202, 39, 'Melba Lueilwitz', 'Voluptatem error repudiandae at. Sit exercitationem accusantium ut rerum. Voluptatem officiis soluta voluptate et et facere ad. Qui quia fugiat omnis officiis eum id quas commodi.', 0, '2019-09-05 16:08:28', '2019-09-05 16:08:28'),
(203, 27, 'Ellsworth Reichert', 'Sapiente non iure laboriosam dolorum nostrum odio nisi. Asperiores eos qui pariatur velit sit neque. Labore vel pariatur veritatis aliquid. Doloremque ut delectus est ad recusandae voluptas consequatur.', 2, '2019-09-05 16:08:28', '2019-09-05 16:08:28'),
(204, 32, 'Mr. Merle Nicolas', 'Veniam sed nemo voluptatibus incidunt. Et eum et iste modi aut voluptatem reiciendis. Est facere reprehenderit reprehenderit nobis quidem sed perferendis. Rerum odit incidunt sunt et.', 3, '2019-09-05 16:08:28', '2019-09-05 16:08:28'),
(205, 17, 'Erik Douglas DVM', 'Omnis aut corporis qui ut reprehenderit iure. Repellat assumenda nihil animi dolorem a. Libero est voluptate fugit quia incidunt tempore. Enim quas nesciunt placeat in.', 1, '2019-09-05 16:08:28', '2019-09-05 16:08:28');
INSERT INTO `reviews` (`id`, `product_id`, `customer`, `review`, `star`, `created_at`, `updated_at`) VALUES
(206, 33, 'Paolo Jacobs I', 'Inventore ea cupiditate praesentium cupiditate repudiandae perspiciatis modi iure. Ullam impedit doloribus accusamus qui. Est asperiores vel rem quasi rem sit eius.', 1, '2019-09-05 16:08:28', '2019-09-05 16:08:28'),
(207, 40, 'Milo Hammes', 'Molestiae doloribus aperiam saepe architecto aperiam. Dolorem unde aut tempora. Autem officiis dolorum quisquam fuga. Id rem quia occaecati a voluptatibus qui.', 3, '2019-09-05 16:08:29', '2019-09-05 16:08:29'),
(208, 30, 'Pascale Ferry', 'Et voluptatum suscipit enim repudiandae nisi ducimus. Nemo similique illum minima atque. Numquam quisquam minus et assumenda aliquam. Qui aliquam quo aut exercitationem accusantium.', 2, '2019-09-05 16:08:29', '2019-09-05 16:08:29'),
(209, 5, 'Miss Mollie Beier V', 'Beatae aliquid id magni quo. Repudiandae pariatur deserunt magni sunt et. Fugit et est odio pariatur cum voluptates minus.', 1, '2019-09-05 16:08:29', '2019-09-05 16:08:29'),
(210, 11, 'Georgiana Altenwerth MD', 'Distinctio esse natus quas eveniet magni. Molestiae consequatur accusantium quaerat velit voluptatum. Quo voluptas perferendis doloribus. Quo quia consequatur est mollitia explicabo quia.', 3, '2019-09-05 16:08:29', '2019-09-05 16:08:29'),
(211, 17, 'Miss Addie Stark DDS', 'Ea aspernatur explicabo veniam ratione. Numquam animi officia consequatur voluptate. Voluptas deserunt ipsam similique aut dolore consectetur.', 0, '2019-09-05 16:08:29', '2019-09-05 16:08:29'),
(212, 23, 'Selina O\'Conner', 'Velit culpa aut eaque. Esse qui itaque et ipsam reiciendis animi quis quo. Dicta atque quos hic veniam fugit pariatur. Fugiat laborum incidunt distinctio voluptatem.', 3, '2019-09-05 16:08:29', '2019-09-05 16:08:29'),
(213, 41, 'Prof. Kayleigh Steuber', 'Ut quos possimus facilis sint tempore debitis. Sit tenetur consequatur quo in ullam. Quam molestias est ratione accusantium maiores.', 3, '2019-09-05 16:08:29', '2019-09-05 16:08:29'),
(214, 12, 'Mandy Balistreri', 'Quas amet fuga corrupti enim sapiente. Libero dolorum aut accusantium perferendis commodi. Saepe dicta sed quis dolorem ducimus quaerat. Quia voluptate velit quia blanditiis quas.', 1, '2019-09-05 16:08:29', '2019-09-05 16:08:29'),
(215, 2, 'Kendra Johnston', 'Facere odit esse laudantium reprehenderit voluptatem nesciunt. Ipsa facilis quo enim aut sunt dolorem. Esse eveniet sit quo quos officiis aperiam.', 3, '2019-09-05 16:08:29', '2019-09-05 16:08:29'),
(216, 22, 'Mrs. Eugenia Veum', 'Ut voluptatem et aliquam quaerat maxime. Quibusdam non ducimus qui ipsa sunt neque. Aperiam cupiditate reiciendis vitae totam sed occaecati.', 5, '2019-09-05 16:08:29', '2019-09-05 16:08:29'),
(217, 49, 'Della Beatty', 'Quia iure eligendi quia occaecati id. Reiciendis aliquam animi provident qui expedita. Ullam voluptatibus perferendis deleniti animi delectus assumenda commodi. Voluptas ab est vel quam dignissimos delectus.', 4, '2019-09-05 16:08:29', '2019-09-05 16:08:29'),
(218, 36, 'Prof. Jordi Weimann Sr.', 'Ut rerum provident et quibusdam laudantium accusamus et quidem. Quia accusamus possimus delectus asperiores id deleniti. Quaerat ipsa iste tenetur ducimus culpa beatae deserunt similique. Nobis sit aspernatur tenetur suscipit quam est.', 5, '2019-09-05 16:08:29', '2019-09-05 16:08:29'),
(219, 31, 'Leonard Terry', 'Veritatis blanditiis tempore expedita sint nihil delectus vitae. Saepe sint sunt ipsam distinctio. Eius deleniti ad est facilis. Ut in excepturi earum omnis nam quis atque occaecati.', 3, '2019-09-05 16:08:29', '2019-09-05 16:08:29'),
(220, 47, 'Prof. Nina Prosacco', 'Eos error sint aut quis. Vitae consectetur debitis perspiciatis temporibus laborum. Quia adipisci quam et ea quia repellendus.', 5, '2019-09-05 16:08:29', '2019-09-05 16:08:29'),
(221, 47, 'Mrs. Maya Effertz', 'Adipisci distinctio perferendis error laborum veniam et qui. Ea asperiores et aut labore odit tenetur aspernatur blanditiis. Culpa nostrum rerum itaque impedit accusantium dolor fugiat.', 5, '2019-09-05 16:08:29', '2019-09-05 16:08:29'),
(222, 43, 'Miguel Wiza', 'Porro voluptatibus et tempore qui. Velit nihil numquam nobis perferendis quo.', 0, '2019-09-05 16:08:29', '2019-09-05 16:08:29'),
(223, 7, 'Prof. Amie Ruecker', 'Qui dolores non quod optio alias. Laboriosam architecto ea minus tempore eum omnis. Est itaque dolor voluptates.', 1, '2019-09-05 16:08:29', '2019-09-05 16:08:29'),
(224, 44, 'Magdalen Lemke', 'A dolorem nesciunt enim ut. In tempore quia cupiditate autem officiis dolorum adipisci. Inventore nobis beatae in ut omnis qui repudiandae.', 3, '2019-09-05 16:08:29', '2019-09-05 16:08:29'),
(225, 44, 'Audrey Torphy', 'Aut ut alias omnis ipsam sunt. Omnis animi quas voluptatum sequi. Nesciunt quod odit facilis rerum sed accusantium.', 4, '2019-09-05 16:08:29', '2019-09-05 16:08:29'),
(226, 30, 'Sabrina Parker', 'Id totam numquam unde corporis eum. Esse animi ad esse omnis omnis et molestiae.', 1, '2019-09-05 16:08:29', '2019-09-05 16:08:29'),
(227, 24, 'Bette Langosh', 'Corrupti quis eligendi accusamus non. Incidunt nostrum non quia quis in aut quod dolor. Voluptatibus et enim earum qui. Alias voluptatum fugiat aut tenetur.', 3, '2019-09-05 16:08:30', '2019-09-05 16:08:30'),
(228, 42, 'Ms. Myra Boehm IV', 'Consectetur quia omnis rerum aperiam necessitatibus vero et. Recusandae aut iure ut cumque omnis. Ex at et molestiae alias quo at corrupti.', 1, '2019-09-05 16:08:30', '2019-09-05 16:08:30'),
(229, 40, 'Corrine Tremblay IV', 'Vitae quam mollitia earum. Ut sint reiciendis dolor hic. Vitae esse quis eius. Quod voluptatum aut eligendi aliquid adipisci ea.', 3, '2019-09-05 16:08:30', '2019-09-05 16:08:30'),
(230, 42, 'Eleonore Okuneva', 'Sed aliquam quis iusto rerum. Aliquid dolores rerum beatae optio consequatur dolor ducimus. Corrupti commodi et in omnis ullam et.', 5, '2019-09-05 16:08:30', '2019-09-05 16:08:30'),
(231, 48, 'Miss Nettie Feeney', 'Harum qui est magnam ut iusto voluptatem eum. Odio eum qui corporis qui nihil. Qui quos inventore a asperiores dolores architecto.', 5, '2019-09-05 16:08:30', '2019-09-05 16:08:30'),
(232, 11, 'Dr. Sandra Schowalter', 'Ullam qui ducimus ut placeat aut. Aliquam voluptatum blanditiis quasi voluptas. Est harum qui fuga qui. Odit non iure est quia doloribus magnam.', 0, '2019-09-05 16:08:30', '2019-09-05 16:08:30'),
(233, 38, 'Caden Stoltenberg', 'Numquam recusandae laborum harum et aut animi natus. Officia vel eos rerum doloribus explicabo. Debitis blanditiis ratione corporis sit quia aperiam est sed. Ab minus voluptate recusandae aspernatur iure aut.', 2, '2019-09-05 16:08:30', '2019-09-05 16:08:30'),
(234, 22, 'Evangeline Miller MD', 'Molestiae enim excepturi voluptatem consequatur laboriosam veniam occaecati atque. Esse dolore itaque sed doloribus autem. Dolor est doloribus voluptatibus nesciunt.', 4, '2019-09-05 16:08:30', '2019-09-05 16:08:30'),
(235, 31, 'Filomena Kuhic', 'Dolorem officia corporis recusandae quaerat ut ut temporibus. Suscipit porro repellendus cum distinctio. Non possimus vero totam consequatur architecto voluptate. Iusto nam velit aperiam non quia qui sit.', 2, '2019-09-05 16:08:30', '2019-09-05 16:08:30'),
(236, 19, 'Marcel Abbott', 'Optio expedita est quis optio rerum consequatur libero. Corrupti alias fugiat odio nesciunt distinctio. Enim porro blanditiis ut natus quod id cupiditate fuga. Enim minus aperiam quasi deleniti cumque nisi. Cum deserunt quisquam voluptate quia sed.', 0, '2019-09-05 16:08:30', '2019-09-05 16:08:30'),
(237, 32, 'Alessandro Kuvalis', 'Deleniti occaecati iusto beatae eos maxime alias ut. Recusandae laborum aut non voluptates. Dolor est pariatur consequatur harum nostrum et. Aut nulla similique atque quis perferendis.', 1, '2019-09-05 16:08:30', '2019-09-05 16:08:30'),
(238, 36, 'Ms. Beth Metz MD', 'Est nulla qui ab iure aliquid totam doloribus. Dolores voluptatum iusto aliquam excepturi enim. Commodi deserunt quae delectus impedit animi omnis numquam. Perspiciatis aut dolor et expedita.', 4, '2019-09-05 16:08:30', '2019-09-05 16:08:30'),
(239, 41, 'Pearline Leuschke', 'Labore a voluptatem voluptates voluptates sint itaque voluptatum. Ea et sit et voluptatem.', 4, '2019-09-05 16:08:30', '2019-09-05 16:08:30'),
(240, 39, 'Anabel Senger', 'Incidunt in iste sit eos asperiores molestiae ea sint. Repudiandae quaerat velit similique nobis tenetur unde ipsa. Minima aut qui accusantium est maiores architecto.', 4, '2019-09-05 16:08:30', '2019-09-05 16:08:30'),
(241, 46, 'Jesse Armstrong', 'Illum rerum et officia. Distinctio vel aut omnis ratione. Voluptatem consectetur libero ea eaque sed. Aut quibusdam aliquid quia eum officiis ea tempore.', 5, '2019-09-05 16:08:30', '2019-09-05 16:08:30'),
(242, 27, 'Josiane Lehner I', 'Fugiat sint quis in vel ipsum. Porro eligendi quo sed consequuntur dolorem officiis architecto. Ipsam provident magni autem et. Quam animi enim et possimus tempora dolores facere. Nesciunt aut iusto illum iste quis tempora saepe.', 2, '2019-09-05 16:08:30', '2019-09-05 16:08:30'),
(243, 46, 'Ubaldo Berge', 'A odit odio aut omnis sunt. Asperiores deserunt quod et in. Est necessitatibus totam officia aliquid dolore temporibus ipsam. Nesciunt dolorum aut et sit quo minus.', 1, '2019-09-05 16:08:30', '2019-09-05 16:08:30'),
(244, 25, 'Brisa Buckridge', 'Ut quos beatae accusamus sit assumenda. Quibusdam praesentium sed nisi numquam. Sit iusto enim quo ea consequatur ducimus molestias. Nisi sint sed ipsum voluptatem autem cumque.', 0, '2019-09-05 16:08:30', '2019-09-05 16:08:30'),
(245, 39, 'Hadley Klocko', 'Iure voluptatem et doloribus tempore sit laudantium autem consequatur. Laudantium impedit quo aut. Libero ut omnis aut ut.', 3, '2019-09-05 16:08:30', '2019-09-05 16:08:30'),
(246, 25, 'Emmett Ryan', 'Rerum molestiae consequatur at. Magni dolore rerum cupiditate facilis a quaerat assumenda. Harum culpa deleniti quod corporis. Quas eum voluptatem tenetur officia doloribus.', 2, '2019-09-05 16:08:31', '2019-09-05 16:08:31'),
(247, 28, 'Mikel Morissette', 'Ut vero eum corrupti voluptatem dolores. Dolores qui quia corporis ea occaecati provident. Corrupti ut fugiat rerum molestiae delectus aut. Magnam alias accusamus atque aut eligendi praesentium.', 5, '2019-09-05 16:08:31', '2019-09-05 16:08:31'),
(248, 45, 'Prof. Christy Feest PhD', 'Tempora incidunt nisi et et ut. Deleniti quam minima officia perspiciatis illum. Veniam quisquam et qui non est quisquam dolores.', 4, '2019-09-05 16:08:31', '2019-09-05 16:08:31'),
(249, 42, 'Ari Kunze', 'Laborum debitis ut non non deleniti tempore. Sunt placeat voluptatem animi rerum quo in unde. Qui quia ipsa quae id et et.', 3, '2019-09-05 16:08:31', '2019-09-05 16:08:31'),
(250, 15, 'Marguerite Stamm III', 'Ducimus molestias non aperiam officiis voluptate provident. Debitis repellendus fuga in voluptatum. Ut exercitationem blanditiis harum voluptatibus suscipit. Dolorem aperiam non voluptates illum vel sit.', 1, '2019-09-05 16:08:31', '2019-09-05 16:08:31'),
(251, 19, 'Dayton Harris', 'Nulla quae dolores sed cumque alias. Magni dolorum aut in. Officia porro qui aut et exercitationem. Inventore dolorem quibusdam fugit. Omnis enim saepe optio tempore ipsum.', 3, '2019-09-05 16:08:31', '2019-09-05 16:08:31'),
(252, 48, 'Ms. Delfina Farrell', 'Id consequatur labore rerum aperiam debitis quidem minima sed. Est voluptatem iusto dolorum est at. Vel qui voluptates fugiat ipsa consequatur quidem et. Necessitatibus eveniet quia ab sit tempore molestias.', 0, '2019-09-05 16:08:31', '2019-09-05 16:08:31'),
(253, 43, 'Greyson Nader', 'Nobis rerum asperiores amet ad. Animi voluptatibus et rem qui eius. Esse ut ut eligendi ipsa. Unde eaque quod voluptatem accusantium.', 4, '2019-09-05 16:08:31', '2019-09-05 16:08:31'),
(254, 49, 'Justus Herman', 'Dolor eum minus non cumque. Autem optio aliquam nihil aut asperiores. Et nobis pariatur excepturi autem quas quaerat. A velit ad eum ipsum laudantium nam facere odio.', 0, '2019-09-05 16:08:31', '2019-09-05 16:08:31'),
(255, 22, 'Jack Strosin', 'Non eos dignissimos sapiente quo dolorem. Inventore et et nihil cupiditate. Corrupti quasi earum eius exercitationem eos sint rem. Eos illo assumenda quia vel.', 1, '2019-09-05 16:08:31', '2019-09-05 16:08:31'),
(256, 40, 'Lemuel Veum', 'Ea modi praesentium sapiente est officiis recusandae et. Rerum voluptas in qui est hic incidunt non. Dolorem occaecati officiis pariatur impedit.', 0, '2019-09-05 16:08:31', '2019-09-05 16:08:31'),
(257, 21, 'Mr. Imani Lemke', 'Saepe expedita enim quo. Atque sit et nisi. Et veritatis numquam sint non quisquam.', 0, '2019-09-05 16:08:31', '2019-09-05 16:08:31'),
(258, 14, 'Martin Brekke', 'Aspernatur reprehenderit itaque eveniet ullam asperiores dolores. Ad minus voluptas quo eligendi. Omnis quia optio commodi.', 0, '2019-09-05 16:08:31', '2019-09-05 16:08:31'),
(259, 21, 'Tatyana Steuber', 'Sapiente dolores non pariatur nemo autem. Nihil ut aut excepturi ea ab architecto aut. Non minima animi molestiae ducimus corporis hic facere.', 4, '2019-09-05 16:08:31', '2019-09-05 16:08:31'),
(260, 33, 'Mr. Jack Osinski PhD', 'Ipsam modi id sed iusto porro vero repudiandae corrupti. Sunt amet rerum non. In vel et et possimus pariatur veritatis dolores voluptatem. Quo sint et repudiandae dolorum.', 5, '2019-09-05 16:08:31', '2019-09-05 16:08:31'),
(261, 41, 'Ruthe Kuvalis', 'Sed occaecati laborum delectus eum. Consequuntur ut perspiciatis modi ut voluptate. Molestiae aut officiis eveniet excepturi.', 3, '2019-09-05 16:08:31', '2019-09-05 16:08:31'),
(262, 19, 'Xzavier Treutel', 'Est vero culpa doloribus et consequatur dolorum. Sed nisi incidunt repellat aperiam illum repudiandae laudantium. Porro et quis molestias commodi ratione. Dolor occaecati placeat accusantium quos ipsum et.', 0, '2019-09-05 16:08:31', '2019-09-05 16:08:31'),
(263, 34, 'Miss Karen Treutel', 'Id deleniti rerum aut inventore exercitationem blanditiis quos. Animi et fugiat ad ducimus. Nostrum blanditiis nihil consequuntur tempora accusantium quaerat.', 0, '2019-09-05 16:08:31', '2019-09-05 16:08:31'),
(264, 45, 'Dr. Marian Corkery IV', 'Laboriosam omnis ut ullam maxime ea blanditiis dolorem officia. Ut alias iure autem sed vel eum. Optio harum ipsa dolores eligendi atque. Sint occaecati voluptas est autem atque.', 4, '2019-09-05 16:08:31', '2019-09-05 16:08:31'),
(265, 27, 'Laurine Oberbrunner', 'Dolorum deserunt illo ad veritatis cupiditate vel. Aut sint molestias ea impedit quod sapiente et. Explicabo maiores sint magnam molestias qui qui. Autem vero sequi aut nam delectus.', 1, '2019-09-05 16:08:31', '2019-09-05 16:08:31'),
(266, 3, 'Giuseppe Boehm', 'Facere ut ut quis deserunt. Molestiae vel voluptatem doloribus qui impedit. Quae debitis id enim porro necessitatibus maxime.', 0, '2019-09-05 16:08:31', '2019-09-05 16:08:31'),
(267, 28, 'Erika Grimes', 'Incidunt est minus itaque voluptas. Exercitationem aut aut non est commodi. Aliquam corrupti voluptatibus rerum cumque velit. Eos ipsa quibusdam consequatur optio ex ipsa. Sed necessitatibus rerum id.', 3, '2019-09-05 16:08:31', '2019-09-05 16:08:31'),
(268, 24, 'Amira Spencer', 'Laboriosam numquam sunt laboriosam laudantium cupiditate voluptatem facilis. Illo quas odit tenetur aut voluptate. Blanditiis magni quis ipsum corporis vel corporis.', 1, '2019-09-05 16:08:32', '2019-09-05 16:08:32'),
(269, 47, 'Eldora Lind', 'Beatae quis officia et et. Et dolor est et cumque iste sint est. Eum libero qui est illum ut. Aut et vel velit illum.', 3, '2019-09-05 16:08:32', '2019-09-05 16:08:32'),
(270, 3, 'Mrs. Nicolette Quitzon DVM', 'Aut distinctio dicta molestias sed possimus. Iure ea vero earum explicabo est recusandae. Esse facilis placeat est odio repellendus eos. Est molestiae accusantium omnis quas distinctio voluptates sint.', 5, '2019-09-05 16:08:32', '2019-09-05 16:08:32'),
(271, 10, 'Meda Wunsch', 'Omnis veritatis eligendi sed placeat vitae. At aut et aliquid vitae maxime. Culpa voluptatibus officia culpa ut natus dignissimos.', 4, '2019-09-05 16:08:32', '2019-09-05 16:08:32'),
(272, 15, 'Mr. Marc Stehr', 'Sunt sunt quaerat odio est reiciendis sed. In blanditiis quia id est. Ex earum quos et impedit distinctio enim ut deleniti.', 0, '2019-09-05 16:08:32', '2019-09-05 16:08:32'),
(273, 27, 'Mack Osinski III', 'Minus minus nihil necessitatibus distinctio doloremque aut. Perferendis non velit et sed laudantium voluptatem quidem. Numquam ipsum itaque unde sunt in possimus ratione.', 1, '2019-09-05 16:08:32', '2019-09-05 16:08:32'),
(274, 39, 'Bettye Kuhlman', 'Et sint autem iusto debitis vel. Voluptas sint sit saepe. Ea beatae nisi sapiente placeat deserunt.', 5, '2019-09-05 16:08:32', '2019-09-05 16:08:32'),
(275, 49, 'Watson Leffler', 'Hic sit doloremque quidem inventore cum quasi. Magnam vitae consequatur ut ullam eum sed. Dolorem repudiandae aliquam quis sunt veniam repellendus.', 0, '2019-09-05 16:08:32', '2019-09-05 16:08:32'),
(276, 2, 'Ms. Serenity Swaniawski', 'Expedita in at cum ex odit vel maiores. Et aut non dolores laudantium doloremque quidem voluptate. Rerum quo rem sed nihil magni. Pariatur earum iure quis est numquam illo.', 1, '2019-09-05 16:08:32', '2019-09-05 16:08:32'),
(277, 22, 'Michaela Wisoky', 'Animi aut fuga sunt. Ut est eaque illo nobis qui quis a. Facilis sed est officiis.', 2, '2019-09-05 16:08:32', '2019-09-05 16:08:32'),
(278, 44, 'Ara Schmitt', 'Fugit aspernatur quaerat eos debitis voluptatem. Natus illum placeat labore error aliquid blanditiis beatae. Fuga iste est eius eum. Maxime tempora et error doloremque deserunt. Qui est tenetur nam deserunt et vel error.', 5, '2019-09-05 16:08:32', '2019-09-05 16:08:32'),
(279, 43, 'Pansy Durgan', 'Similique labore et itaque ullam mollitia. Occaecati veniam ex porro natus ut voluptatem sequi occaecati. Quia quae quia voluptatibus odio aut et id.', 0, '2019-09-05 16:08:32', '2019-09-05 16:08:32'),
(280, 22, 'Kallie Leffler', 'Non asperiores voluptas sed dolore natus est cum. Rerum quos nemo earum aut consequuntur nisi. Voluptas sit sed aut distinctio rem magni occaecati. Earum dolores est omnis dolorem fuga ullam eos.', 0, '2019-09-05 16:08:32', '2019-09-05 16:08:32'),
(281, 2, 'Kevin Olson', 'Delectus molestiae dolorem architecto quisquam ipsam aliquid. Error occaecati optio velit molestias omnis. Amet vitae voluptatibus voluptate est. Sequi reprehenderit beatae minus et molestias autem.', 4, '2019-09-05 16:08:32', '2019-09-05 16:08:32'),
(282, 20, 'Gus Thiel', 'Qui nulla fugiat vero. Quae in iure enim qui ad amet qui. Modi atque reiciendis et magnam. Sit non consequatur labore.', 3, '2019-09-05 16:08:32', '2019-09-05 16:08:32'),
(283, 32, 'Reina Jast', 'Facere asperiores ut natus asperiores. Facilis in nisi eius expedita. Harum explicabo sit nisi.', 4, '2019-09-05 16:08:32', '2019-09-05 16:08:32'),
(284, 2, 'Amiya Beier', 'Impedit corporis sunt sit quibusdam. Eos veritatis rerum porro non et praesentium. Voluptatum sed placeat adipisci iusto. Corporis possimus at eum ad pariatur.', 0, '2019-09-05 16:08:32', '2019-09-05 16:08:32'),
(285, 40, 'Dr. Gisselle Hessel Sr.', 'Debitis magni molestiae eius quis aut blanditiis. Ut et est ad similique odit. Rem autem corporis cum eveniet.', 1, '2019-09-05 16:08:32', '2019-09-05 16:08:32'),
(286, 3, 'Mrs. Theodora Schaden PhD', 'In delectus nulla sequi est voluptates aliquid fugit. Mollitia exercitationem minima iure et sed aliquid cumque eum. Dolorum qui odio cumque sunt ipsum illum. Aperiam et nihil fugiat ipsa itaque maiores.', 1, '2019-09-05 16:08:32', '2019-09-05 16:08:32'),
(287, 44, 'Zion O\'Reilly I', 'Eos nesciunt enim odit eaque ut. Magni quibusdam et quisquam sed. Excepturi possimus laboriosam quia et dolorem est. Dolores autem consectetur minima assumenda eos velit est.', 0, '2019-09-05 16:08:32', '2019-09-05 16:08:32'),
(288, 47, 'Rory Fisher', 'Eos sunt debitis qui. Sapiente consequatur cupiditate et omnis. Illum voluptates doloremque ut cupiditate dolores molestias qui.', 2, '2019-09-05 16:08:32', '2019-09-05 16:08:32'),
(289, 1, 'Dan Kerluke', 'Minima molestiae cupiditate quia aut. Inventore qui quo quis consequatur eligendi omnis necessitatibus.', 1, '2019-09-05 16:08:33', '2019-09-05 16:08:33'),
(290, 36, 'Roy Larkin', 'Saepe quibusdam nihil soluta voluptatem quidem animi molestias. Rem voluptatem eum in. Sed cupiditate eveniet et nam totam.', 4, '2019-09-05 16:08:33', '2019-09-05 16:08:33'),
(291, 23, 'Mr. Elwyn Cartwright PhD', 'Quisquam fugit aut facere qui et. Dicta temporibus alias quia eius reiciendis. Cupiditate quis sapiente tempora quaerat ad. Rerum sint et aperiam repellendus.', 1, '2019-09-05 16:08:33', '2019-09-05 16:08:33'),
(292, 42, 'Prof. Bernard West', 'Nostrum quaerat sunt ratione et perspiciatis beatae possimus. Hic est a assumenda est dignissimos. Cum in est et nobis aut autem quidem.', 2, '2019-09-05 16:08:33', '2019-09-05 16:08:33'),
(293, 14, 'Stone Pollich', 'Ipsam ut tenetur ipsum minima nulla eos. Voluptas ut quia nulla et a nesciunt autem. Et sed eos voluptatem corrupti quos porro suscipit totam.', 5, '2019-09-05 16:08:33', '2019-09-05 16:08:33'),
(294, 8, 'Prof. Elvie Stehr V', 'Totam commodi nesciunt dolores ut. Sit velit ut rerum voluptas unde voluptas autem. In animi officia eum esse velit. Necessitatibus est excepturi quam expedita deserunt atque in.', 3, '2019-09-05 16:08:33', '2019-09-05 16:08:33'),
(295, 47, 'Lottie Lockman', 'Aut modi quas asperiores dolor. Accusamus sed labore exercitationem aut. Aut quam dolores odit aliquam nihil est. Itaque modi minima voluptatem exercitationem consequatur.', 1, '2019-09-05 16:08:33', '2019-09-05 16:08:33'),
(296, 21, 'Kenya Jacobs', 'Corporis minima facere laborum molestiae aut. Porro et impedit quaerat in commodi. Quia quidem aut nostrum.', 0, '2019-09-05 16:08:33', '2019-09-05 16:08:33'),
(297, 12, 'Sasha Pollich', 'Sed quasi soluta eum. Sit quod at vel quaerat quasi. Voluptatem autem et at consequuntur aut temporibus. Incidunt non sint excepturi hic similique fuga quo blanditiis.', 4, '2019-09-05 16:08:33', '2019-09-05 16:08:33'),
(298, 14, 'Prof. Abigail O\'Keefe IV', 'Ab deserunt nesciunt quasi. Voluptatem occaecati quod ipsa velit sed et vel. Id voluptas et dolor aliquid dicta.', 2, '2019-09-05 16:08:33', '2019-09-05 16:08:33'),
(299, 8, 'Marguerite Glover MD', 'Quis voluptas deserunt similique odio blanditiis ut. Est deserunt rem autem sit similique omnis autem. Facilis culpa delectus quas ut accusantium. Aperiam beatae quas natus numquam et est blanditiis earum.', 5, '2019-09-05 16:08:33', '2019-09-05 16:08:33'),
(300, 1, 'Georgiana Okuneva I', 'Facilis quae ipsam pariatur illo. Eligendi dolores animi repudiandae in optio sunt quidem. Natus voluptates delectus amet expedita qui modi est. Aut deleniti a aperiam eos similique nihil.', 5, '2019-09-05 16:08:33', '2019-09-05 16:08:33');

-- --------------------------------------------------------

--
-- Tabellstruktur for tabell `users`
--

CREATE TABLE `users` (
  `id` bigint(20) UNSIGNED NOT NULL,
  `name` varchar(191) COLLATE utf8mb4_unicode_ci NOT NULL,
  `email` varchar(191) COLLATE utf8mb4_unicode_ci NOT NULL,
  `email_verified_at` timestamp NULL DEFAULT NULL,
  `password` varchar(191) COLLATE utf8mb4_unicode_ci NOT NULL,
  `remember_token` varchar(100) COLLATE utf8mb4_unicode_ci DEFAULT NULL,
  `created_at` timestamp NULL DEFAULT NULL,
  `updated_at` timestamp NULL DEFAULT NULL
) ENGINE=InnoDB DEFAULT CHARSET=utf8mb4 COLLATE=utf8mb4_unicode_ci;

--
-- Indexes for dumped tables
--

--
-- Indexes for table `failed_jobs`
--
ALTER TABLE `failed_jobs`
  ADD PRIMARY KEY (`id`);

--
-- Indexes for table `migrations`
--
ALTER TABLE `migrations`
  ADD PRIMARY KEY (`id`);

--
-- Indexes for table `password_resets`
--
ALTER TABLE `password_resets`
  ADD KEY `password_resets_email_index` (`email`);

--
-- Indexes for table `products`
--
ALTER TABLE `products`
  ADD PRIMARY KEY (`id`);

--
-- Indexes for table `reviews`
--
ALTER TABLE `reviews`
  ADD PRIMARY KEY (`id`),
  ADD KEY `reviews_product_id_index` (`product_id`);

--
-- Indexes for table `users`
--
ALTER TABLE `users`
  ADD PRIMARY KEY (`id`),
  ADD UNIQUE KEY `users_email_unique` (`email`);

--
-- AUTO_INCREMENT for dumped tables
--

--
-- AUTO_INCREMENT for table `failed_jobs`
--
ALTER TABLE `failed_jobs`
  MODIFY `id` bigint(20) UNSIGNED NOT NULL AUTO_INCREMENT;
--
-- AUTO_INCREMENT for table `migrations`
--
ALTER TABLE `migrations`
  MODIFY `id` int(10) UNSIGNED NOT NULL AUTO_INCREMENT, AUTO_INCREMENT=6;
--
-- AUTO_INCREMENT for table `products`
--
ALTER TABLE `products`
  MODIFY `id` bigint(20) UNSIGNED NOT NULL AUTO_INCREMENT, AUTO_INCREMENT=51;
--
-- AUTO_INCREMENT for table `reviews`
--
ALTER TABLE `reviews`
  MODIFY `id` bigint(20) UNSIGNED NOT NULL AUTO_INCREMENT, AUTO_INCREMENT=301;
--
-- AUTO_INCREMENT for table `users`
--
ALTER TABLE `users`
  MODIFY `id` bigint(20) UNSIGNED NOT NULL AUTO_INCREMENT;
--
-- Begrensninger for dumpede tabeller
--

--
-- Begrensninger for tabell `reviews`
--
ALTER TABLE `reviews`
  ADD CONSTRAINT `reviews_product_id_foreign` FOREIGN KEY (`product_id`) REFERENCES `products` (`id`) ON DELETE CASCADE;

/*!40101 SET CHARACTER_SET_CLIENT=@OLD_CHARACTER_SET_CLIENT */;
/*!40101 SET CHARACTER_SET_RESULTS=@OLD_CHARACTER_SET_RESULTS */;
/*!40101 SET COLLATION_CONNECTION=@OLD_COLLATION_CONNECTION */;
